surface,time_s,waypoint_index,x,y,z,force_n,speed_m_s,mode,event
countertop,0.0,0,0.22,-0.27999999999999997,0.5,1.5,0.0,position,approach
countertop,0.05,0,0.22,-0.27999999999999997,0.5,3.0,0.0,position,approach
countertop,0.1,0,0.22,-0.27999999999999997,0.5,3.0,0.0,force,switch_to_force_control
countertop,0.15000000000000002,0,0.22,-0.27999999999999997,0.5,4.4,0.192,force,track
countertop,0.2,1,0.24,-0.27999999999999997,0.5,5.5200000000000005,0.19474318245964362,force,track
countertop,0.25,1,0.24,-0.27999999999999997,0.5,6.416,0.19715374149790155,force,track
countertop,0.3,2,0.26,-0.27999999999999997,0.5,7.1328000000000005,0.19715374149790155,force,track
countertop,0.35,2,0.26,-0.27999999999999997,0.5,7.70624,0.19893938580475212,force,track
countertop,0.39999999999999997,2,0.26,-0.27999999999999997,0.5,8.164992,0.1998835978399077,force,track
countertop,0.44999999999999996,3,0.27999999999999997,-0.27999999999999997,0.5,8.5319936,0.19893938580475212,force,track
countertop,0.49999999999999994,3,0.27999999999999997,-0.27999999999999997,0.5,8.82559488,0.1998835978399077,force,track
countertop,0.5499999999999999,4,0.29999999999999993,-0.27999999999999997,0.5,9.060475904,0.1998835978399077,force,track
countertop,0.6,4,0.29999999999999993,-0.27999999999999997,0.5,9.2483807232,0.1998718875749915,force,track
countertop,0.65,5,0.31999999999999995,-0.27999999999999997,0.5,9.39870457856,0.1998718875749915,force,track
countertop,0.7000000000000001,5,0.31999999999999995,-0.27999999999999997,0.5,9.518963662848,0.198905674933191,force,track
countertop,0.7500000000000001,5,0.31999999999999995,-0.27999999999999997,0.5,9.6151709302784,0.19710211761707605,force,track
countertop,0.8000000000000002,6,0.33999999999999997,-0.27999999999999997,0.5,9.692136744222719,0.198905674933191,force,track
countertop,0.8500000000000002,6,0.33999999999999997,-0.27999999999999997,0.5,9.753709395378175,0.19710211761707605,force,track
countertop,0.9000000000000002,6,0.33999999999999997,-0.27999999999999997,0.5,9.802967516302541,0.19467990520124723,force,track
countertop,0.9500000000000003,7,0.35999999999999993,-0.27999999999999997,0.5,9.842374013042033,0.19710211761707605,force,track
countertop,1.0000000000000002,7,0.35999999999999993,-0.27999999999999997,0.5,9.873899210433626,0.19467990520124723,force,track
countertop,1.0500000000000003,8,0.3799999999999999,-0.27999999999999997,0.5,9.8991193683469,0.19467990520124723,force,track
countertop,1.1000000000000003,8,0.3799999999999999,-0.27999999999999997,0.5,9.91929549467752,0.1919327420210628,force,track
countertop,1.1500000000000004,9,0.3999999999999999,-0.27999999999999997,0.5,9.935436395742016,0.1919327420210628,force,track
countertop,1.2000000000000004,9,0.3999999999999999,-0.27999999999999997,0.5,9.948349116593613,0.18919373417848306,force,track
countertop,1.2500000000000004,9,0.3999999999999999,-0.27999999999999997,0.5,9.95867929327489,0.18679499890347867,force,track
countertop,1.3000000000000005,10,0.41999999999999993,-0.27999999999999997,0.5,9.966943434619912,0.18919373417848306,force,track
countertop,1.3500000000000005,10,0.41999999999999993,-0.27999999999999997,0.5,9.97355474769593,0.18679499890347867,force,track
countertop,1.4000000000000006,10,0.41999999999999993,-0.27999999999999997,0.5,9.978843798156744,0.1850273938206913,force,track
countertop,1.4500000000000006,11,0.4399999999999999,-0.27999999999999997,0.5,9.983075038525396,0.18679499890347867,force,track
countertop,1.5000000000000007,11,0.4399999999999999,-0.27999999999999997,0.5,9.986460030820316,0.1850273938206913,force,track
countertop,1.5500000000000007,12,0.4599999999999999,-0.27999999999999997,0.5,9.989168024656253,0.1850273938206913,force,track
countertop,1.6000000000000008,12,0.4599999999999999,-0.27999999999999997,0.5,9.991334419725003,0.18410524913197412,force,track
countertop,1.6500000000000008,12,0.4599999999999999,-0.27999999999999997,0.5,9.993067535780003,0.18414037909900535,force,track
countertop,1.7000000000000008,13,0.47999999999999987,-0.27999999999999997,0.5,9.994454028624002,0.18410524913197412,force,track
countertop,1.7500000000000009,13,0.47999999999999987,-0.27999999999999997,0.5,9.995563222899202,0.18414037909900535,force,track
countertop,1.800000000000001,14,0.49999999999999983,-0.27999999999999997,0.5,9.996450578319362,0.18414037909900535,force,track
countertop,1.850000000000001,14,0.49999999999999983,-0.27999999999999997,0.5,9.99716046265549,0.18512852405258728,force,track
countertop,1.900000000000001,15,0.5199999999999998,-0.27999999999999997,0.5,9.997728370124392,0.18512852405258728,force,track
countertop,1.950000000000001,15,0.5199999999999998,-0.27999999999999997,0.5,9.998182696099514,0.18694986689702142,force,track
countertop,2.000000000000001,16,0.5399999999999998,-0.27999999999999997,0.5,9.99854615687961,0.18694986689702142,force,track
countertop,2.0500000000000007,16,0.5399999999999998,-0.27999999999999997,0.5,9.998836925503689,0.18938356148104207,force,track
countertop,2.1000000000000005,16,0.5399999999999998,-0.27999999999999997,0.5,9.999069540402951,0.1921345112038748,force,track
countertop,2.1500000000000004,17,0.5599999999999998,-0.27999999999999997,0.5,9.999255632322361,0.18938356148104207,force,track
countertop,2.2,17,0.5599999999999998,-0.27999999999999997,0.5,9.999404505857889,0.1921345112038748,force,track
countertop,2.25,17,0.5599999999999998,-0.27999999999999997,0.5,9.999523604686312,0.1948691508279424,force,track
countertop,2.3,18,0.5799999999999998,-0.27999999999999997,0.5,9.999618883749049,0.1921345112038748,force,track
countertop,2.3499999999999996,18,0.5799999999999998,-0.27999999999999997,0.5,9.999695106999239,0.1948691508279424,force,track
countertop,2.3999999999999995,18,0.5799999999999998,-0.27999999999999997,0.5,9.99975608559939,0.1972558927897503,force,track
countertop,2.4499999999999993,19,0.5999999999999999,-0.27999999999999997,0.5,9.999804868479512,0.1948691508279424,force,track
countertop,2.499999999999999,19,0.5999999999999999,-0.27999999999999997,0.5,9.99984389478361,0.1972558927897503,force,track
countertop,2.549999999999999,19,0.5999999999999999,-0.27999999999999997,0.5,9.999875115826887,0.19900533370874307,force,track
countertop,2.5999999999999988,20,0.5999999999999999,-0.23999999999999994,0.5,9.999900092661509,0.1972558927897503,force,track
countertop,2.6499999999999986,20,0.5999999999999999,-0.23999999999999994,0.5,9.999920074129207,0.19900533370874307,force,track
countertop,2.6999999999999984,20,0.5999999999999999,-0.23999999999999994,0.5,9.999936059303366,0.19990534587101602,force,track
countertop,2.7499999999999982,20,0.5999999999999999,-0.23999999999999994,0.5,9.999948847442692,0.19984679868496322,force,track
countertop,2.799999999999998,20,0.5999999999999999,-0.23999999999999994,0.5,9.999959077954154,0.19883679126470624,force,track
countertop,2.849999999999998,21,0.5799999999999998,-0.23999999999999994,0.5,9.999967262363324,0.19900533370874307,force,track
countertop,2.8999999999999977,21,0.5799999999999998,-0.23999999999999994,0.5,9.999973809890658,0.19990534587101602,force,track
countertop,2.9499999999999975,21,0.5799999999999998,-0.23999999999999994,0.5,9.999979047912527,0.19984679868496322,force,track
countertop,2.9999999999999973,22,0.5399999999999998,-0.23999999999999994,0.5,9.999983238330021,0.19990534587101602,force,track
countertop,3.049999999999997,22,0.5399999999999998,-0.23999999999999994,0.5,9.999986590664017,0.19984679868496322,force,track
countertop,3.099999999999997,22,0.5399999999999998,-0.23999999999999994,0.5,9.999989272531213,0.19883679126470624,force,track
countertop,3.149999999999997,22,0.5399999999999998,-0.23999999999999994,0.5,9.99999141802497,0.19699779163003353,force,track
countertop,3.1999999999999966,22,0.5399999999999998,-0.23999999999999994,0.5,9.999993134419977,0.19455278689879482,force,track
countertop,3.2499999999999964,23,0.5199999999999998,-0.23999999999999994,0.5,9.999994507535982,0.19984679868496322,force,track
countertop,3.2999999999999963,23,0.5199999999999998,-0.23999999999999994,0.5,9.999995606028786,0.19883679126470624,force,track
countertop,3.349999999999996,23,0.5199999999999998,-0.23999999999999994,0.5,9.99999648482303,0.19699779163003353,force,track
countertop,3.399999999999996,24,0.49999999999999983,-0.23999999999999994,0.5,9.999997187858423,0.19883679126470624,force,track
countertop,3.4499999999999957,24,0.49999999999999983,-0.23999999999999994,0.5,9.999997750286738,0.19699779163003353,force,track
countertop,3.4999999999999956,25,0.47999999999999987,-0.23999999999999994,0.5,9.99999820022939,0.19699779163003353,force,track
countertop,3.5499999999999954,25,0.47999999999999987,-0.23999999999999994,0.5,9.999998560183512,0.19455278689879482,force,track
countertop,3.599999999999995,26,0.4599999999999999,-0.23999999999999994,0.5,9.99999884814681,0.19455278689879482,force,track
countertop,3.649999999999995,26,0.4599999999999999,-0.23999999999999994,0.5,9.999999078517448,0.19179824507885074,force,track
countertop,3.699999999999995,27,0.4399999999999999,-0.23999999999999994,0.5,9.999999262813958,0.19179824507885074,force,track
countertop,3.7499999999999947,27,0.4399999999999999,-0.23999999999999994,0.5,9.999999410251167,0.1890681669659846,force,track
countertop,3.7999999999999945,27,0.4399999999999999,-0.23999999999999994,0.5,9.999999528200934,0.18669358701959204,force,track
countertop,3.8499999999999943,28,0.41999999999999993,-0.23999999999999994,0.5,9.999999622560747,0.1890681669659846,force,track
countertop,3.899999999999994,28,0.41999999999999993,-0.23999999999999994,0.5,9.999999698048597,0.18669358701959204,force,track
countertop,3.949999999999994,29,0.3999999999999999,-0.23999999999999994,0.5,9.999999758438879,0.18669358701959204,force,track
countertop,3.999999999999994,29,0.3999999999999999,-0.23999999999999994,0.5,9.999999806751102,0.18496243392022663,force,track
countertop,4.049999999999994,29,0.3999999999999999,-0.23999999999999994,0.5,9.999999845400882,0.18408461790000918,force,track
countertop,4.099999999999993,30,0.3799999999999999,-0.23999999999999994,0.5,9.999999876320706,0.18496243392022663,force,track
countertop,4.149999999999993,30,0.3799999999999999,-0.23999999999999994,0.5,9.999999901056565,0.18408461790000918,force,track
countertop,4.199999999999993,30,0.3799999999999999,-0.23999999999999994,0.5,9.999999920845251,0.18416657816678947,force,track
countertop,4.249999999999993,31,0.35999999999999993,-0.23999999999999994,0.5,9.9999999366762,0.18408461790000918,force,track
countertop,4.299999999999993,31,0.35999999999999993,-0.23999999999999994,0.5,9.99999994934096,0.18416657816678947,force,track
countertop,4.3499999999999925,32,0.33999999999999997,-0.23999999999999994,0.5,9.999999959472769,0.18416657816678947,force,track
countertop,4.399999999999992,32,0.33999999999999997,-0.23999999999999994,0.5,9.999999967578216,0.18519837666330907,force,track
countertop,4.449999999999992,33,0.31999999999999995,-0.23999999999999994,0.5,9.999999974062572,0.18519837666330907,force,track
countertop,4.499999999999992,33,0.31999999999999995,-0.23999999999999994,0.5,9.999999979250058,0.1870549031021037,force,track
countertop,4.549999999999992,33,0.31999999999999995,-0.23999999999999994,0.5,9.999999983400047,0.189511045160151,force,track
countertop,4.599999999999992,34,0.29999999999999993,-0.23999999999999994,0.5,9.999999986720038,0.1870549031021037,force,track
countertop,4.6499999999999915,34,0.29999999999999993,-0.23999999999999994,0.5,9.99999998937603,0.189511045160151,force,track
countertop,4.699999999999991,34,0.29999999999999993,-0.23999999999999994,0.5,9.999999991500825,0.1922689843777691,force,track
countertop,4.749999999999991,35,0.27999999999999997,-0.23999999999999994,0.5,9.99999999320066,0.189511045160151,force,track
countertop,4.799999999999991,35,0.27999999999999997,-0.23999999999999994,0.5,9.999999994560529,0.1922689843777691,force,track
countertop,4.849999999999991,36,0.26,-0.23999999999999994,0.5,9.999999995648423,0.1922689843777691,force,track
countertop,4.899999999999991,36,0.26,-0.23999999999999994,0.5,9.999999996518738,0.19499430800916606,force,track
countertop,4.94999999999999,37,0.24,-0.23999999999999994,0.5,9.99999999721499,0.19499430800916606,force,track
countertop,4.99999999999999,37,0.24,-0.23999999999999994,0.5,9.999999997771992,0.1973565580975728,force,track
countertop,5.04999999999999,37,0.24,-0.23999999999999994,0.5,9.999999998217593,0.19906930101411707,force,track
countertop,5.09999999999999,38,0.22,-0.23999999999999994,0.5,9.999999998574074,0.1973565580975728,force,track
countertop,5.14999999999999,38,0.22,-0.23999999999999994,0.5,9.99999999885926,0.19906930101411707,force,track
countertop,5.1999999999999895,39,0.22,-0.1999999999999999,0.5,9.999999999087407,0.19906930101411707,force,track
countertop,5.249999999999989,39,0.22,-0.1999999999999999,0.5,9.999999999269926,0.19992485884555897,force,track
countertop,5.299999999999989,39,0.22,-0.1999999999999999,0.5,9.999999999415941,0.19981949129125345,force,track
countertop,5.349999999999989,39,0.22,-0.1999999999999999,0.5,9.999999999532752,0.19876597464914347,force,track
countertop,5.399999999999989,39,0.22,-0.1999999999999999,0.5,9.999999999626201,0.19689205263119156,force,track
countertop,5.449999999999989,40,0.24,-0.1999999999999999,0.5,9.999999999700961,0.19992485884555897,force,track
countertop,5.4999999999999885,40,0.24,-0.1999999999999999,0.5,9.99999999976077,0.19981949129125345,force,track
countertop,5.549999999999988,41,0.26,-0.1999999999999999,0.5,9.999999999808615,0.19981949129125345,force,track
countertop,5.599999999999988,41,0.26,-0.1999999999999999,0.5,9.999999999846892,0.19876597464914347,force,track
countertop,5.649999999999988,41,0.26,-0.1999999999999999,0.5,9.999999999877513,0.19689205263119156,force,track
countertop,5.699999999999988,42,0.27999999999999997,-0.1999999999999999,0.5,9.99999999990201,0.19876597464914347,force,track
countertop,5.749999999999988,42,0.27999999999999997,-0.1999999999999999,0.5,9.99999999992161,0.19689205263119156,force,track
countertop,5.799999999999987,43,0.29999999999999993,-0.1999999999999999,0.5,9.999999999937287,0.19689205263119156,force,track
countertop,5.849999999999987,43,0.29999999999999993,-0.1999999999999999,0.5,9.99999999994983,0.19442494685396564,force,track
countertop,5.899999999999987,44,0.31999999999999995,-0.1999999999999999,0.5,9.999999999959865,0.19442494685396564,force,track
countertop,5.949999999999987,44,0.31999999999999995,-0.1999999999999999,0.5,9.999999999967892,0.1916638051782493,force,track
countertop,5.999999999999987,44,0.31999999999999995,-0.1999999999999999,0.5,9.999999999974314,0.18894342866252797,force,track
countertop,6.0499999999999865,45,0.33999999999999997,-0.1999999999999999,0.5,9.999999999979451,0.1916638051782493,force,track
countertop,6.099999999999986,45,0.33999999999999997,-0.1999999999999999,0.5,9.999999999983562,0.18894342866252797,force,track
countertop,6.149999999999986,45,0.33999999999999997,-0.1999999999999999,0.5,9.99999999998685,0.1865936754031654,force,track
countertop,6.199999999999986,46,0.35999999999999993,-0.1999999999999999,0.5,9.99999999998948,0.18894342866252797,force,track
countertop,6.249999999999986,46,0.35999999999999993,-0.1999999999999999,0.5,9.999999999991584,0.1865936754031654,force,track
countertop,6.299999999999986,47,0.3799999999999999,-0.1999999999999999,0.5,9.999999999993268,0.1865936754031654,force,track
countertop,6.349999999999985,47,0.3799999999999999,-0.1999999999999999,0.5,9.999999999994614,0.184899463731348,force,track
countertop,6.399999999999985,48,0.3999999999999999,-0.1999999999999999,0.5,9.99999999999569,0.184899463731348,force,track
countertop,6.449999999999985,48,0.3999999999999999,-0.1999999999999999,0.5,9.999999999996552,0.18406622456212487,force,track
countertop,6.499999999999985,48,0.3999999999999999,-0.1999999999999999,0.5,9.999999999997241,0.18419499195625474,force,track
countertop,6.549999999999985,49,0.41999999999999993,-0.1999999999999999,0.5,9.999999999997794,0.18406622456212487,force,track
countertop,6.5999999999999845,49,0.41999999999999993,-0.1999999999999999,0.5,9.999999999998234,0.18419499195625474,force,track
countertop,6.649999999999984,49,0.41999999999999993,-0.1999999999999999,0.5,9.999999999998588,0.1852701522781779,force,track
countertop,6.699999999999984,50,0.4399999999999999,-0.1999999999999999,0.5,9.99999999999887,0.18419499195625474,force,track
countertop,6.749999999999984,50,0.4399999999999999,-0.1999999999999999,0.5,9.999999999999096,0.1852701522781779,force,track
countertop,6.799999999999984,51,0.4599999999999999,-0.1999999999999999,0.5,9.999999999999277,0.1852701522781779,force,track
countertop,6.849999999999984,51,0.4599999999999999,-0.1999999999999999,0.5,9.999999999999421,0.18716133742074972,force,track
countertop,6.8999999999999835,51,0.4599999999999999,-0.1999999999999999,0.5,9.999999999999536,0.18963923253457524,force,track
countertop,6.949999999999983,52,0.47999999999999987,-0.1999999999999999,0.5,9.999999999999629,0.18716133742074972,force,track
countertop,6.999999999999983,52,0.47999999999999987,-0.1999999999999999,0.5,9.999999999999703,0.18963923253457524,force,track
countertop,7.049999999999983,53,0.49999999999999983,-0.1999999999999999,0.5,9.999999999999762,0.18963923253457524,force,track
countertop,7.099999999999983,53,0.49999999999999983,-0.1999999999999999,0.5,9.99999999999981,0.1924033815024545,force,track
countertop,7.149999999999983,54,0.5199999999999998,-0.1999999999999999,0.5,9.999999999999847,0.1924033815024545,force,track
countertop,7.199999999999982,54,0.5199999999999998,-0.1999999999999999,0.5,9.999999999999877,0.19511861861797103,force,track
countertop,7.249999999999982,55,0.5399999999999998,-0.1999999999999999,0.5,9.999999999999902,0.19511861861797103,force,track
countertop,7.299999999999982,55,0.5399999999999998,-0.1999999999999999,0.5,9.999999999999922,0.19745570896054507,force,track
countertop,7.349999999999982,55,0.5399999999999998,-0.1999999999999999,0.5,9.999999999999938,0.19913126963557493,force,track
countertop,7.399999999999982,56,0.5599999999999998,-0.1999999999999999,0.5,9.99999999999995,0.19745570896054507,force,track
countertop,7.4499999999999815,56,0.5599999999999998,-0.1999999999999999,0.5,9.999999999999961,0.19913126963557493,force,track
countertop,7.499999999999981,56,0.5599999999999998,-0.1999999999999999,0.5,9.999999999999968,0.19994213124668725,force,track
countertop,7.549999999999981,57,0.5799999999999998,-0.1999999999999999,0.5,9.999999999999975,0.19913126963557493,force,track
countertop,7.599999999999981,57,0.5799999999999998,-0.1999999999999999,0.5,9.99999999999998,0.19994213124668725,force,track
countertop,7.649999999999981,57,0.5799999999999998,-0.1999999999999999,0.5,9.999999999999984,0.19978997311440616,force,track
countertop,7.699999999999981,58,0.5999999999999999,-0.1999999999999999,0.5,9.999999999999988,0.19994213124668725,force,track
countertop,7.7499999999999805,58,0.5999999999999999,-0.1999999999999999,0.5,9.99999999999999,0.19978997311440616,force,track
countertop,7.79999999999998,58,0.5999999999999999,-0.1999999999999999,0.5,9.999999999999991,0.19869324510828845,force,track
countertop,7.84999999999998,59,0.5999999999999999,-0.15999999999999986,0.5,9.999999999999993,0.19978997311440616,force,track
countertop,7.89999999999998,59,0.5999999999999999,-0.15999999999999986,0.5,9.999999999999995,0.19869324510828845,force,track
countertop,7.94999999999998,59,0.5999999999999999,-0.15999999999999986,0.5,9.999999999999996,0.19678493051584459,force,track
countertop,7.99999999999998,59,0.5999999999999999,-0.15999999999999986,0.5,9.999999999999996,0.19429642121062185,force,track
countertop,8.04999999999998,59,0.5999999999999999,-0.15999999999999986,0.5,9.999999999999996,0.1915294603290796,force,track
countertop,8.09999999999998,60,0.5799999999999998,-0.15999999999999986,0.5,9.999999999999996,0.19869324510828845,force,track
countertop,8.14999999999998,60,0.5799999999999998,-0.15999999999999986,0.5,9.999999999999996,0.19678493051584459,force,track
countertop,8.199999999999982,60,0.5799999999999998,-0.15999999999999986,0.5,9.999999999999996,0.19429642121062185,force,track
countertop,8.249999999999982,61,0.5599999999999998,-0.15999999999999986,0.5,9.999999999999996,0.19678493051584459,force,track
countertop,8.299999999999983,61,0.5599999999999998,-0.15999999999999986,0.5,9.999999999999996,0.19429642121062185,force,track
countertop,8.349999999999984,61,0.5599999999999998,-0.15999999999999986,0.5,9.999999999999996,0.1915294603290796,force,track
countertop,8.399999999999984,62,0.5399999999999998,-0.15999999999999986,0.5,9.999999999999996,0.19429642121062185,force,track
countertop,8.449999999999985,62,0.5399999999999998,-0.15999999999999986,0.5,9.999999999999996,0.1915294603290796,force,track
countertop,8.499999999999986,62,0.5399999999999998,-0.15999999999999986,0.5,9.999999999999996,0.18881955453502852,force,track
countertop,8.549999999999986,63,0.5199999999999998,-0.15999999999999986,0.5,9.999999999999996,0.1915294603290796,force,track
countertop,8.599999999999987,63,0.5199999999999998,-0.15999999999999986,0.5,9.999999999999996,0.18881955453502852,force,track
countertop,8.649999999999988,63,0.5199999999999998,-0.15999999999999986,0.5,9.999999999999996,0.18649529230193362,force,track
countertop,8.699999999999989,64,0.49999999999999983,-0.15999999999999986,0.5,9.999999999999996,0.18881955453502852,force,track
countertop,8.74999999999999,64,0.49999999999999983,-0.15999999999999986,0.5,9.999999999999996,0.18649529230193362,force,track
countertop,8.79999999999999,65,0.47999999999999987,-0.15999999999999986,0.5,9.999999999999996,0.18649529230193362,force,track
countertop,8.84999999999999,65,0.47999999999999987,-0.15999999999999986,0.5,9.999999999999996,0.18483850105744257,force,track
countertop,8.899999999999991,66,0.4599999999999999,-0.15999999999999986,0.5,9.999999999999996,0.18483850105744257,force,track
countertop,8.949999999999992,66,0.4599999999999999,-0.15999999999999986,0.5,9.999999999999996,0.18405007431861872,force,track
countertop,8.999999999999993,67,0.4399999999999999,-0.15999999999999986,0.5,9.999999999999996,0.18405007431861872,force,track
countertop,9.049999999999994,67,0.4399999999999999,-0.15999999999999986,0.5,9.999999999999996,0.18422561243404909,force,track
countertop,9.099999999999994,67,0.4399999999999999,-0.15999999999999986,0.5,9.999999999999996,0.1853438306042728,force,track
countertop,9.149999999999995,68,0.41999999999999993,-0.15999999999999986,0.5,9.999999999999996,0.18422561243404909,force,track
countertop,9.199999999999996,68,0.41999999999999993,-0.15999999999999986,0.5,9.999999999999996,0.1853438306042728,force,track
countertop,9.249999999999996,69,0.3999999999999999,-0.15999999999999986,0.5,9.999999999999996,0.1853438306042728,force,track
countertop,9.299999999999997,69,0.3999999999999999,-0.15999999999999986,0.5,9.999999999999996,0.187269139761079,force,track
countertop,9.349999999999998,69,0.3999999999999999,-0.15999999999999986,0.5,9.999999999999996,0.18976808736225315,force,track
countertop,9.399999999999999,70,0.3799999999999999,-0.15999999999999986,0.5,9.999999999999996,0.187269139761079,force,track
countertop,9.45,70,0.3799999999999999,-0.15999999999999986,0.5,9.999999999999996,0.18976808736225315,force,track
countertop,9.5,70,0.3799999999999999,-0.15999999999999986,0.5,9.999999999999996,0.1925376645802038,force,track
countertop,9.55,71,0.35999999999999993,-0.15999999999999986,0.5,9.999999999999996,0.18976808736225315,force,track
countertop,9.600000000000001,71,0.35999999999999993,-0.15999999999999986,0.5,9.999999999999996,0.1925376645802038,force,track
countertop,9.650000000000002,72,0.33999999999999997,-0.15999999999999986,0.5,9.999999999999996,0.1925376645802038,force,track
countertop,9.700000000000003,72,0.33999999999999997,-0.15999999999999986,0.5,9.999999999999996,0.19524204750836283,force,track
countertop,9.750000000000004,73,0.31999999999999995,-0.15999999999999986,0.5,9.999999999999996,0.19524204750836283,force,track
countertop,9.800000000000004,73,0.31999999999999995,-0.15999999999999986,0.5,9.999999999999996,0.19755331734601794,force,track
countertop,9.850000000000005,73,0.31999999999999995,-0.15999999999999986,0.5,9.999999999999996,0.19919122205289974,force,track
countertop,9.900000000000006,74,0.29999999999999993,-0.15999999999999986,0.5,9.999999999999996,0.19755331734601794,force,track
countertop,9.950000000000006,74,0.29999999999999993,-0.15999999999999986,0.5,9.999999999999996,0.19919122205289974,force,track
countertop,10.000000000000007,74,0.29999999999999993,-0.15999999999999986,0.5,9.999999999999996,0.1999571581910227,force,track
countertop,10.050000000000008,75,0.27999999999999997,-0.15999999999999986,0.5,9.999999999999996,0.19919122205289974,force,track
countertop,10.100000000000009,75,0.27999999999999997,-0.15999999999999986,0.5,9.999999999999996,0.1999571581910227,force,track
countertop,10.15000000000001,76,0.26,-0.15999999999999986,0.5,9.999999999999996,0.1999571581910227,force,track
countertop,10.20000000000001,76,0.26,-0.15999999999999986,0.5,9.999999999999996,0.19975825250001375,force,track
countertop,10.25000000000001,77,0.24,-0.15999999999999986,0.5,9.999999999999996,0.19975825250001375,force,track
countertop,10.300000000000011,77,0.24,-0.15999999999999986,0.5,9.999999999999996,0.19861862320476306,force,track
countertop,10.350000000000012,77,0.24,-0.15999999999999986,0.5,9.999999999999996,0.19667645557033198,force,track
countertop,10.400000000000013,78,0.22,-0.15999999999999986,0.5,9.999999999999996,0.19861862320476306,force,track
countertop,10.450000000000014,78,0.22,-0.15999999999999986,0.5,9.999999999999996,0.19667645557033198,force,track
countertop,10.500000000000014,79,0.22,-0.11999999999999983,0.5,9.999999999999996,0.19667645557033198,force,track
countertop,10.550000000000015,79,0.22,-0.11999999999999983,0.5,9.999999999999996,0.19416724630646295,force,track
countertop,10.600000000000016,79,0.22,-0.11999999999999983,0.5,9.999999999999996,0.19139524851428916,force,track
countertop,10.650000000000016,79,0.22,-0.11999999999999983,0.5,9.999999999999996,0.18869657960607567,force,track
countertop,10.700000000000017,79,0.22,-0.11999999999999983,0.5,9.999999999999996,0.18639846553147876,force,track
countertop,10.750000000000018,80,0.24,-0.11999999999999983,0.5,9.999999999999996,0.19416724630646295,force,track
countertop,10.800000000000018,80,0.24,-0.11999999999999983,0.5,9.999999999999996,0.19139524851428916,force,track
countertop,10.85000000000002,81,0.26,-0.11999999999999983,0.5,9.999999999999996,0.19139524851428916,force,track
countertop,10.90000000000002,81,0.26,-0.11999999999999983,0.5,9.999999999999996,0.18869657960607567,force,track
countertop,10.95000000000002,81,0.26,-0.11999999999999983,0.5,9.999999999999996,0.18639846553147876,force,track
countertop,11.000000000000021,82,0.27999999999999997,-0.11999999999999983,0.5,9.999999999999996,0.18869657960607567,force,track
countertop,11.050000000000022,82,0.27999999999999997,-0.11999999999999983,0.5,9.999999999999996,0.18639846553147876,force,track
countertop,11.100000000000023,83,0.29999999999999993,-0.11999999999999983,0.5,9.999999999999996,0.18639846553147876,force,track
countertop,11.150000000000023,83,0.29999999999999993,-0.11999999999999983,0.5,9.999999999999996,0.18477956313431854,force,track
countertop,11.200000000000024,84,0.31999999999999995,-0.11999999999999983,0.5,9.999999999999996,0.18477956313431854,force,track
countertop,11.250000000000025,84,0.31999999999999995,-0.11999999999999983,0.5,9.999999999999996,0.18403617173560438,force,track
countertop,11.300000000000026,84,0.31999999999999995,-0.11999999999999983,0.5,9.999999999999996,0.18425843094292957,force,track
countertop,11.350000000000026,85,0.33999999999999997,-0.11999999999999983,0.5,9.999999999999996,0.18403617173560438,force,track
countertop,11.400000000000027,85,0.33999999999999997,-0.11999999999999983,0.5,9.999999999999996,0.18425843094292957,force,track
countertop,11.450000000000028,85,0.33999999999999997,-0.11999999999999983,0.5,9.999999999999996,0.18541939081072445,force,track
countertop,11.500000000000028,86,0.35999999999999993,-0.11999999999999983,0.5,9.999999999999996,0.18425843094292957,force,track
countertop,11.55000000000003,86,0.35999999999999993,-0.11999999999999983,0.5,9.999999999999996,0.18541939081072445,force,track
countertop,11.60000000000003,87,0.3799999999999999,-0.11999999999999983,0.5,9.999999999999996,0.18541939081072445,force,track
countertop,11.65000000000003,87,0.3799999999999999,-0.11999999999999983,0.5,9.999999999999996,0.18737827964443413,force,track
countertop,11.700000000000031,88,0.3999999999999999,-0.11999999999999983,0.5,9.999999999999996,0.18737827964443413,force,track
countertop,11.750000000000032,88,0.3999999999999999,-0.11999999999999983,0.5,9.999999999999996,0.18989757321241582,force,track
countertop,11.800000000000033,88,0.3999999999999999,-0.11999999999999983,0.5,9.999999999999996,0.19267179564553394,force,track
countertop,11.850000000000033,89,0.41999999999999993,-0.11999999999999983,0.5,9.999999999999996,0.18989757321241582,force,track
countertop,11.900000000000034,89,0.41999999999999993,-0.11999999999999983,0.5,9.999999999999996,0.19267179564553394,force,track
countertop,11.950000000000035,89,0.41999999999999993,-0.11999999999999983,0.5,9.999999999999996,0.19536455978363276,force,track
countertop,12.000000000000036,90,0.4399999999999999,-0.11999999999999983,0.5,9.999999999999996,0.19267179564553394,force,track
countertop,12.050000000000036,90,0.4399999999999999,-0.11999999999999983,0.5,9.999999999999996,0.19536455978363276,force,track
countertop,12.100000000000037,91,0.4599999999999999,-0.11999999999999983,0.5,9.999999999999996,0.19536455978363276,force,track
countertop,12.150000000000038,91,0.4599999999999999,-0.11999999999999983,0.5,9.999999999999996,0.19764935565744265,force,track
countertop,12.200000000000038,91,0.4599999999999999,-0.11999999999999983,0.5,9.999999999999996,0.19924914131591043,force,track
countertop,12.250000000000039,92,0.47999999999999987,-0.11999999999999983,0.5,9.999999999999996,0.19764935565744265,force,track
countertop,12.30000000000004,92,0.47999999999999987,-0.11999999999999983,0.5,9.999999999999996,0.19924914131591043,force,track
countertop,12.35000000000004,93,0.49999999999999983,-0.11999999999999983,0.5,9.999999999999996,0.19924914131591043,force,track
countertop,12.400000000000041,93,0.49999999999999983,-0.11999999999999983,0.5,9.999999999999996,0.1999699354300389,force,track
countertop,12.450000000000042,94,0.5199999999999998,-0.11999999999999983,0.5,9.999999999999996,0.1999699354300389,force,track
countertop,12.500000000000043,94,0.5199999999999998,-0.11999999999999983,0.5,9.999999999999996,0.19972433841635778,force,track
countertop,12.550000000000043,95,0.5399999999999998,-0.11999999999999983,0.5,9.999999999999996,0.19972433841635778,force,track
countertop,12.600000000000044,95,0.5399999999999998,-0.11999999999999983,0.5,9.999999999999996,0.19854213003621157,force,track
countertop,12.650000000000045,95,0.5399999999999998,-0.11999999999999983,0.5,9.999999999999996,0.19656665846347499,force,track
countertop,12.700000000000045,96,0.5599999999999998,-0.11999999999999983,0.5,9.999999999999996,0.19854213003621157,force,track
countertop,12.750000000000046,96,0.5599999999999998,-0.11999999999999983,0.5,9.999999999999996,0.19656665846347499,force,track
countertop,12.800000000000047,96,0.5599999999999998,-0.11999999999999983,0.5,9.999999999999996,0.1940374586627523,force,track
countertop,12.850000000000048,97,0.5799999999999998,-0.11999999999999983,0.5,9.999999999999996,0.19656665846347499,force,track
countertop,12.900000000000048,97,0.5799999999999998,-0.11999999999999983,0.5,9.999999999999996,0.1940374586627523,force,track
countertop,12.950000000000049,97,0.5799999999999998,-0.11999999999999983,0.5,9.999999999999996,0.19126120767921304,force,track
countertop,13.00000000000005,98,0.5999999999999999,-0.11999999999999983,0.5,9.999999999999996,0.1940374586627523,force,track
countertop,13.05000000000005,98,0.5999999999999999,-0.11999999999999983,0.5,9.999999999999996,0.19126120767921304,force,track
countertop,13.100000000000051,98,0.5999999999999999,-0.11999999999999983,0.5,9.999999999999996,0.1885745386440308,force,track
countertop,13.150000000000052,99,0.5999999999999999,-0.0799999999999998,0.5,9.999999999999996,0.19126120767921304,force,track
countertop,13.200000000000053,99,0.5999999999999999,-0.0799999999999998,0.5,9.999999999999996,0.1885745386440308,force,track
countertop,13.250000000000053,99,0.5999999999999999,-0.0799999999999998,0.5,9.999999999999996,0.1863032224673657,force,track
countertop,13.300000000000054,99,0.5999999999999999,-0.0799999999999998,0.5,9.999999999999996,0.1847226666253318,force,track
countertop,13.350000000000055,99,0.5999999999999999,-0.0799999999999998,0.5,9.999999999999996,0.18402452074372064,force,track
countertop,13.400000000000055,100,0.5799999999999998,-0.0799999999999998,0.5,9.999999999999996,0.1885745386440308,force,track
countertop,13.450000000000056,100,0.5799999999999998,-0.0799999999999998,0.5,9.999999999999996,0.1863032224673657,force,track
countertop,13.500000000000057,100,0.5799999999999998,-0.0799999999999998,0.5,9.999999999999996,0.1847226666253318,force,track
countertop,13.550000000000058,101,0.5599999999999998,-0.0799999999999998,0.5,9.999999999999996,0.1863032224673657,force,track
countertop,13.600000000000058,101,0.5599999999999998,-0.0799999999999998,0.5,9.999999999999996,0.1847226666253318,force,track
countertop,13.650000000000059,101,0.5599999999999998,-0.0799999999999998,0.5,9.999999999999996,0.18402452074372064,force,track
countertop,13.70000000000006,102,0.5399999999999998,-0.0799999999999998,0.5,9.999999999999996,0.1847226666253318,force,track
countertop,13.75000000000006,102,0.5399999999999998,-0.0799999999999998,0.5,9.999999999999996,0.18402452074372064,force,track
countertop,13.800000000000061,102,0.5399999999999998,-0.0799999999999998,0.5,9.999999999999996,0.18429343820420993,force,track
countertop,13.850000000000062,103,0.5199999999999998,-0.0799999999999998,0.5,9.999999999999996,0.18402452074372064,force,track
countertop,13.900000000000063,103,0.5199999999999998,-0.0799999999999998,0.5,9.999999999999996,0.18429343820420993,force,track
countertop,13.950000000000063,103,0.5199999999999998,-0.0799999999999998,0.5,9.999999999999996,0.1854968115346048,force,track
countertop,14.000000000000064,104,0.49999999999999983,-0.0799999999999998,0.5,9.999999999999996,0.18429343820420993,force,track
countertop,14.050000000000065,104,0.49999999999999983,-0.0799999999999998,0.5,9.999999999999996,0.1854968115346048,force,track
countertop,14.100000000000065,105,0.47999999999999987,-0.0799999999999998,0.5,9.999999999999996,0.1854968115346048,force,track
countertop,14.150000000000066,105,0.47999999999999987,-0.0799999999999998,0.5,9.999999999999996,0.18748872621399784,force,track
countertop,14.200000000000067,106,0.4599999999999999,-0.0799999999999998,0.5,9.999999999999996,0.18748872621399784,force,track
countertop,14.250000000000068,106,0.4599999999999999,-0.0799999999999998,0.5,9.999999999999996,0.19002765347588707,force,track
countertop,14.300000000000068,107,0.4399999999999999,-0.0799999999999998,0.5,9.999999999999996,0.19002765347588707,force,track
countertop,14.350000000000069,107,0.4399999999999999,-0.0799999999999998,0.5,9.999999999999996,0.19280573677594,force,track
countertop,14.40000000000007,107,0.4399999999999999,-0.0799999999999998,0.5,9.999999999999996,0.19548612080622427,force,track
countertop,14.45000000000007,108,0.41999999999999993,-0.0799999999999998,0.5,9.999999999999996,0.19280573677594,force,track
countertop,14.500000000000071,108,0.41999999999999993,-0.0799999999999998,0.5,9.999999999999996,0.19548612080622427,force,track
countertop,14.550000000000072,109,0.3999999999999999,-0.0799999999999998,0.5,9.999999999999996,0.19548612080622427,force,track
countertop,14.600000000000072,109,0.3999999999999999,-0.0799999999999998,0.5,9.999999999999996,0.19774379674217316,force,track
countertop,14.650000000000073,109,0.3999999999999999,-0.0799999999999998,0.5,9.999999999999996,0.19930501104925397,force,track
countertop,14.700000000000074,110,0.3799999999999999,-0.0799999999999998,0.5,9.999999999999996,0.19774379674217316,force,track
countertop,14.750000000000075,110,0.3799999999999999,-0.0799999999999998,0.5,9.999999999999996,0.19930501104925397,force,track
countertop,14.800000000000075,110,0.3799999999999999,-0.0799999999999998,0.5,9.999999999999996,0.19998045935126244,force,track
countertop,14.850000000000076,111,0.35999999999999993,-0.0799999999999998,0.5,9.999999999999996,0.19930501104925397,force,track
countertop,14.900000000000077,111,0.35999999999999993,-0.0799999999999998,0.5,9.999999999999996,0.19998045935126244,force,track
countertop,14.950000000000077,112,0.33999999999999997,-0.0799999999999998,0.5,9.999999999999996,0.19998045935126244,force,track
countertop,15.000000000000078,112,0.33999999999999997,-0.0799999999999998,0.5,9.999999999999996,0.19968824045187328,force,track
countertop,15.050000000000079,113,0.31999999999999995,-0.0799999999999998,0.5,9.999999999999996,0.19968824045187328,force,track
countertop,15.10000000000008,113,0.31999999999999995,-0.0799999999999998,0.5,9.999999999999996,0.1984637872293359,force,track
countertop,15.15000000000008,113,0.31999999999999995,-0.0799999999999998,0.5,9.999999999999996,0.1964555702379057,force,track
countertop,15.200000000000081,114,0.29999999999999993,-0.0799999999999998,0.5,9.999999999999996,0.1984637872293359,force,track
countertop,15.250000000000082,114,0.29999999999999993,-0.0799999999999998,0.5,9.999999999999996,0.1964555702379057,force,track
countertop,15.300000000000082,114,0.29999999999999993,-0.0799999999999998,0.5,9.999999999999996,0.1939070949739912,force,track
countertop,15.350000000000083,115,0.27999999999999997,-0.0799999999999998,0.5,9.999999999999996,0.1964555702379057,force,track
countertop,15.400000000000084,115,0.27999999999999997,-0.0799999999999998,0.5,9.999999999999996,0.1939070949739912,force,track
countertop,15.450000000000085,116,0.26,-0.0799999999999998,0.5,9.999999999999996,0.1939070949739912,force,track
countertop,15.500000000000085,116,0.26,-0.0799999999999998,0.5,9.999999999999996,0.19112737572084568,force,track
countertop,15.550000000000086,117,0.24,-0.0799999999999998,0.5,9.999999999999996,0.19112737572084568,force,track
countertop,15.600000000000087,117,0.24,-0.0799999999999998,0.5,9.999999999999996,0.18845346615319744,force,track
countertop,15.650000000000087,117,0.24,-0.0799999999999998,0.5,9.999999999999996,0.18620959003740237,force,track
countertop,15.700000000000088,118,0.22,-0.0799999999999998,0.5,9.999999999999996,0.18845346615319744,force,track
countertop,15.750000000000089,118,0.22,-0.0799999999999998,0.5,9.999999999999996,0.18620959003740237,force,track
countertop,15.80000000000009,119,0.22,-0.03999999999999976,0.5,9.999999999999996,0.18620959003740237,force,track
countertop,15.85000000000009,119,0.22,-0.03999999999999976,0.5,9.999999999999996,0.18466782761667494,force,track
countertop,15.900000000000091,119,0.22,-0.03999999999999976,0.5,9.999999999999996,0.18401512463702022,force,track
countertop,15.950000000000092,119,0.22,-0.03999999999999976,0.5,9.999999999999996,0.18433062432038405,force,track
countertop,16.000000000000092,119,0.22,-0.03999999999999976,0.5,9.999999999999996,0.18557607088696668,force,track
countertop,16.050000000000093,120,0.24,-0.03999999999999976,0.5,9.999999999999996,0.18466782761667494,force,track
countertop,16.100000000000094,120,0.24,-0.03999999999999976,0.5,9.999999999999996,0.18401512463702022,force,track
countertop,16.150000000000095,121,0.26,-0.03999999999999976,0.5,9.999999999999996,0.18401512463702022,force,track
countertop,16.200000000000095,121,0.26,-0.03999999999999976,0.5,9.999999999999996,0.18433062432038405,force,track
countertop,16.250000000000096,121,0.26,-0.03999999999999976,0.5,9.999999999999996,0.18557607088696668,force,track
countertop,16.300000000000097,122,0.27999999999999997,-0.03999999999999976,0.5,9.999999999999996,0.18433062432038405,force,track
countertop,16.350000000000097,122,0.27999999999999997,-0.03999999999999976,0.5,9.999999999999996,0.18557607088696668,force,track
countertop,16.400000000000098,123,0.29999999999999993,-0.03999999999999976,0.5,9.999999999999996,0.18557607088696668,force,track
countertop,16.4500000000001,123,0.29999999999999993,-0.03999999999999976,0.5,9.999999999999996,0.1876004482435172,force,track
countertop,16.5000000000001,124,0.31999999999999995,-0.03999999999999976,0.5,9.999999999999996,0.1876004482435172,force,track
countertop,16.5500000000001,124,0.31999999999999995,-0.03999999999999976,0.5,9.999999999999996,0.19015829137543397,force,track
countertop,16.6000000000001,124,0.31999999999999995,-0.03999999999999976,0.5,9.999999999999996,0.1929394501026167,force,track
countertop,16.6500000000001,125,0.33999999999999997,-0.03999999999999976,0.5,9.999999999999996,0.19015829137543397,force,track
countertop,16.700000000000102,125,0.33999999999999997,-0.03999999999999976,0.5,9.999999999999996,0.1929394501026167,force,track
countertop,16.750000000000103,125,0.33999999999999997,-0.03999999999999976,0.5,9.999999999999996,0.1956066962075257,force,track
countertop,16.800000000000104,126,0.35999999999999993,-0.03999999999999976,0.5,9.999999999999996,0.1929394501026167,force,track
countertop,16.850000000000104,126,0.35999999999999993,-0.03999999999999976,0.5,9.999999999999996,0.1956066962075257,force,track
countertop,16.900000000000105,127,0.3799999999999999,-0.03999999999999976,0.5,9.999999999999996,0.1956066962075257,force,track
countertop,16.950000000000106,127,0.3799999999999999,-0.03999999999999976,0.5,9.999999999999996,0.19783661389914284,force,track
countertop,17.000000000000107,128,0.3999999999999999,-0.03999999999999976,0.5,9.999999999999996,0.19783661389914284,force,track
countertop,17.050000000000107,128,0.3999999999999999,-0.03999999999999976,0.5,9.999999999999996,0.19935881545703532,force,track
countertop,17.100000000000108,128,0.3999999999999999,-0.03999999999999976,0.5,9.999999999999996,0.19998872697929415,force,track
countertop,17.15000000000011,129,0.41999999999999993,-0.03999999999999976,0.5,9.999999999999996,0.19935881545703532,force,track
countertop,17.20000000000011,129,0.41999999999999993,-0.03999999999999976,0.5,9.999999999999996,0.19998872697929415,force,track
countertop,17.25000000000011,129,0.41999999999999993,-0.03999999999999976,0.5,9.999999999999996,0.1996499688124379,force,track
countertop,17.30000000000011,130,0.4399999999999999,-0.03999999999999976,0.5,9.999999999999996,0.19998872697929415,force,track
countertop,17.35000000000011,130,0.4399999999999999,-0.03999999999999976,0.5,9.999999999999996,0.1996499688124379,force,track
countertop,17.400000000000112,131,0.4599999999999999,-0.03999999999999976,0.5,9.999999999999996,0.1996499688124379,force,track
countertop,17.450000000000113,131,0.4599999999999999,-0.03999999999999976,0.5,9.999999999999996,0.1983836169337811,force,track
countertop,17.500000000000114,131,0.4599999999999999,-0.03999999999999976,0.5,9.999999999999996,0.1963432223012909,force,track
countertop,17.550000000000114,132,0.47999999999999987,-0.03999999999999976,0.5,9.999999999999996,0.1983836169337811,force,track
countertop,17.600000000000115,132,0.47999999999999987,-0.03999999999999976,0.5,9.999999999999996,0.1963432223012909,force,track
countertop,17.650000000000116,133,0.49999999999999983,-0.03999999999999976,0.5,9.999999999999996,0.1963432223012909,force,track
countertop,17.700000000000117,133,0.49999999999999983,-0.03999999999999976,0.5,9.999999999999996,0.19377619209754465,force,track
countertop,17.750000000000117,134,0.5199999999999998,-0.03999999999999976,0.5,9.999999999999996,0.19377619209754465,force,track
countertop,17.800000000000118,134,0.5199999999999998,-0.03999999999999976,0.5,9.999999999999996,0.1909937904771263,force,track
countertop,17.85000000000012,135,0.5399999999999998,-0.03999999999999976,0.5,9.999999999999996,0.1909937904771263,force,track
countertop,17.90000000000012,135,0.5399999999999998,-0.03999999999999976,0.5,9.999999999999996,0.18833339636406593,force,track
countertop,17.95000000000012,135,0.5399999999999998,-0.03999999999999976,0.5,9.999999999999996,0.18611759471402675,force,track
countertop,18.00000000000012,136,0.5799999999999998,-0.03999999999999976,0.5,9.999999999999996,0.18833339636406593,force,track
countertop,18.05000000000012,136,0.5799999999999998,-0.03999999999999976,0.5,9.999999999999996,0.18611759471402675,force,track
countertop,18.100000000000122,136,0.5799999999999998,-0.03999999999999976,0.5,9.999999999999996,0.18461506161282915,force,track
countertop,18.150000000000123,136,0.5799999999999998,-0.03999999999999976,0.5,9.999999999999996,0.18400798607203842,force,track
countertop,18.200000000000124,136,0.5799999999999998,-0.03999999999999976,0.5,9.999999999999996,0.18436997877792424,force,track
countertop,18.250000000000124,137,0.5999999999999999,-0.03999999999999976,0.5,9.999999999999996,0.18611759471402675,force,track
countertop,18.300000000000125,137,0.5999999999999999,-0.03999999999999976,0.5,9.999999999999996,0.18461506161282915,force,track
countertop,18.350000000000126,137,0.5999999999999999,-0.03999999999999976,0.5,9.999999999999996,0.18400798607203842,force,track
countertop,18.400000000000126,138,0.5999999999999999,2.7755575615628914e-16,0.5,9.999999999999996,0.18461506161282915,force,track
countertop,18.450000000000127,138,0.5999999999999999,2.7755575615628914e-16,0.5,9.999999999999996,0.18400798607203842,force,track
countertop,18.500000000000128,138,0.5999999999999999,2.7755575615628914e-16,0.5,9.999999999999996,0.18436997877792424,force,track
countertop,18.55000000000013,138,0.5999999999999999,2.7755575615628914e-16,0.5,9.999999999999996,0.18565714645903278,force,track
countertop,18.60000000000013,138,0.5999999999999999,2.7755575615628914e-16,0.5,9.999999999999996,0.18771341414613185,force,track
countertop,18.65000000000013,139,0.5799999999999998,2.7755575615628914e-16,0.5,9.999999999999996,0.18400798607203842,force,track
countertop,18.70000000000013,139,0.5799999999999998,2.7755575615628914e-16,0.5,9.999999999999996,0.18436997877792424,force,track
countertop,18.75000000000013,139,0.5799999999999998,2.7755575615628914e-16,0.5,9.999999999999996,0.18565714645903278,force,track
countertop,18.800000000000132,140,0.5599999999999998,2.7755575615628914e-16,0.5,9.999999999999996,0.18436997877792424,force,track
countertop,18.850000000000133,140,0.5599999999999998,2.7755575615628914e-16,0.5,9.999999999999996,0.18565714645903278,force,track
countertop,18.900000000000134,140,0.5599999999999998,2.7755575615628914e-16,0.5,9.999999999999996,0.18771341414613185,force,track
countertop,18.950000000000134,141,0.5399999999999998,2.7755575615628914e-16,0.5,9.999999999999996,0.18565714645903278,force,track
countertop,19.000000000000135,141,0.5399999999999998,2.7755575615628914e-16,0.5,9.999999999999996,0.18771341414613185,force,track
countertop,19.050000000000136,141,0.5399999999999998,2.7755575615628914e-16,0.5,9.999999999999996,0.19028944997616457,force,track
countertop,19.100000000000136,142,0.5199999999999998,2.7755575615628914e-16,0.5,9.999999999999996,0.18771341414613185,force,track
countertop,19.150000000000137,142,0.5199999999999998,2.7755575615628914e-16,0.5,9.999999999999996,0.19028944997616457,force,track
countertop,19.200000000000138,142,0.5199999999999998,2.7755575615628914e-16,0.5,9.999999999999996,0.19307289782116527,force,track
countertop,19.25000000000014,143,0.49999999999999983,2.7755575615628914e-16,0.5,9.999999999999996,0.19028944997616457,force,track
countertop,19.30000000000014,143,0.49999999999999983,2.7755575615628914e-16,0.5,9.999999999999996,0.19307289782116527,force,track
countertop,19.35000000000014,144,0.47999999999999987,2.7755575615628914e-16,0.5,9.999999999999996,0.19307289782116527,force,track
countertop,19.40000000000014,144,0.47999999999999987,2.7755575615628914e-16,0.5,9.999999999999996,0.19572625189758755,force,track
countertop,19.45000000000014,145,0.4599999999999999,2.7755575615628914e-16,0.5,9.999999999999996,0.19572625189758755,force,track
countertop,19.500000000000142,145,0.4599999999999999,2.7755575615628914e-16,0.5,9.999999999999996,0.19792778088641372,force,track
countertop,19.550000000000143,146,0.4399999999999999,2.7755575615628914e-16,0.5,9.999999999999996,0.19792778088641372,force,track
countertop,19.600000000000144,146,0.4399999999999999,2.7755575615628914e-16,0.5,9.999999999999996,0.1994105393272831,force,track
countertop,19.650000000000144,146,0.4399999999999999,2.7755575615628914e-16,0.5,9.999999999999996,0.1999947359766505,force,track
countertop,19.700000000000145,147,0.41999999999999993,2.7755575615628914e-16,0.5,9.999999999999996,0.1994105393272831,force,track
countertop,19.750000000000146,147,0.41999999999999993,2.7755575615628914e-16,0.5,9.999999999999996,0.1999947359766505,force,track
countertop,19.800000000000146,148,0.3999999999999999,2.7755575615628914e-16,0.5,9.999999999999996,0.1999947359766505,force,track
countertop,19.850000000000147,148,0.3999999999999999,2.7755575615628914e-16,0.5,9.999999999999996,0.19960953431848633,force,track
countertop,19.900000000000148,148,0.3999999999999999,2.7755575615628914e-16,0.5,9.999999999999996,0.19830164181587295,force,track
countertop,19.95000000000015,149,0.3799999999999999,2.7755575615628914e-16,0.5,9.999999999999996,0.19960953431848633,force,track
countertop,20.00000000000015,149,0.3799999999999999,2.7755575615628914e-16,0.5,9.999999999999996,0.19830164181587295,force,track
countertop,20.05000000000015,149,0.3799999999999999,2.7755575615628914e-16,0.5,9.999999999999996,0.19622964641745183,force,track
countertop,20.10000000000015,150,0.35999999999999993,2.7755575615628914e-16,0.5,9.999999999999996,0.19830164181587295,force,track
countertop,20.15000000000015,150,0.35999999999999993,2.7755575615628914e-16,0.5,9.999999999999996,0.19622964641745183,force,track
countertop,20.200000000000152,151,0.33999999999999997,2.7755575615628914e-16,0.5,9.999999999999996,0.19622964641745183,force,track
countertop,20.250000000000153,151,0.33999999999999997,2.7755575615628914e-16,0.5,9.999999999999996,0.19364478704322086,force,track
countertop,20.300000000000153,152,0.31999999999999995,2.7755575615628914e-16,0.5,9.999999999999996,0.19364478704322086,force,track
countertop,20.350000000000154,152,0.31999999999999995,2.7755575615628914e-16,0.5,9.999999999999996,0.19086048971624137,force,track
countertop,20.400000000000155,152,0.31999999999999995,2.7755575615628914e-16,0.5,9.999999999999996,0.1882143632236355,force,track
countertop,20.450000000000156,153,0.29999999999999993,2.7755575615628914e-16,0.5,9.999999999999996,0.19086048971624137,force,track
countertop,20.500000000000156,153,0.29999999999999993,2.7755575615628914e-16,0.5,9.999999999999996,0.1882143632236355,force,track
countertop,20.550000000000157,153,0.29999999999999993,2.7755575615628914e-16,0.5,9.999999999999996,0.18602726250682194,force,track
countertop,20.600000000000158,154,0.27999999999999997,2.7755575615628914e-16,0.5,9.999999999999996,0.1882143632236355,force,track
countertop,20.65000000000016,154,0.27999999999999997,2.7755575615628914e-16,0.5,9.999999999999996,0.18602726250682194,force,track
countertop,20.70000000000016,155,0.26,2.7755575615628914e-16,0.5,9.999999999999996,0.18602726250682194,force,track
countertop,20.75000000000016,155,0.26,2.7755575615628914e-16,0.5,9.999999999999996,0.1845643835321807,force,track
countertop,20.80000000000016,156,0.24,2.7755575615628914e-16,0.5,9.999999999999996,0.1845643835321807,force,track
countertop,20.85000000000016,156,0.24,2.7755575615628914e-16,0.5,9.999999999999996,0.1840031070670419,force,track
countertop,20.900000000000162,156,0.24,2.7755575615628914e-16,0.5,9.999999999999996,0.18441149045025354,force,track
countertop,20.950000000000163,157,0.22,2.7755575615628914e-16,0.5,9.999999999999996,0.1840031070670419,force,track
countertop,21.000000000000163,157,0.22,2.7755575615628914e-16,0.5,9.999999999999996,0.18441149045025354,force,track
countertop,21.050000000000164,158,0.22,0.04000000000000031,0.5,9.999999999999996,0.18441149045025354,force,track
countertop,21.100000000000165,158,0.22,0.04000000000000031,0.5,9.999999999999996,0.18574001532853096,force,track
countertop,21.150000000000166,158,0.22,0.04000000000000031,0.5,9.999999999999996,0.1878275919833047,force,track
countertop,21.200000000000166,158,0.22,0.04000000000000031,0.5,9.999999999999996,0.1904210921959706,force,track
countertop,21.250000000000167,158,0.22,0.04000000000000031,0.5,9.999999999999996,0.1932060422022813,force,track
countertop,21.300000000000168,159,0.24,0.04000000000000031,0.5,9.999999999999996,0.18574001532853096,force,track
countertop,21.35000000000017,159,0.24,0.04000000000000031,0.5,9.999999999999996,0.1878275919833047,force,track
countertop,21.40000000000017,160,0.26,0.04000000000000031,0.5,9.999999999999996,0.1878275919833047,force,track
countertop,21.45000000000017,160,0.26,0.04000000000000031,0.5,9.999999999999996,0.1904210921959706,force,track
countertop,21.50000000000017,160,0.26,0.04000000000000031,0.5,9.999999999999996,0.1932060422022813,force,track
countertop,21.55000000000017,161,0.27999999999999997,0.04000000000000031,0.5,9.999999999999996,0.1904210921959706,force,track
countertop,21.600000000000172,161,0.27999999999999997,0.04000000000000031,0.5,9.999999999999996,0.1932060422022813,force,track
countertop,21.650000000000173,162,0.29999999999999993,0.04000000000000031,0.5,9.999999999999996,0.1932060422022813,force,track
countertop,21.700000000000173,162,0.29999999999999993,0.04000000000000031,0.5,9.999999999999996,0.19584475407476024,force,track
countertop,21.750000000000174,163,0.31999999999999995,0.04000000000000031,0.5,9.999999999999996,0.19584475407476024,force,track
countertop,21.800000000000175,163,0.31999999999999995,0.04000000000000031,0.5,9.999999999999996,0.1980172719285958,force,track
countertop,21.850000000000176,163,0.31999999999999995,0.04000000000000031,0.5,9.999999999999996,0.19946016803625055,force,track
countertop,21.900000000000176,164,0.33999999999999997,0.04000000000000031,0.5,9.999999999999996,0.1980172719285958,force,track
countertop,21.950000000000177,164,0.33999999999999997,0.04000000000000031,0.5,9.999999999999996,0.19946016803625055,force,track
countertop,22.000000000000178,164,0.33999999999999997,0.04000000000000031,0.5,9.999999999999996,0.1999984846444242,force,track
countertop,22.05000000000018,165,0.35999999999999993,0.04000000000000031,0.5,9.999999999999996,0.19946016803625055,force,track
countertop,22.10000000000018,165,0.35999999999999993,0.04000000000000031,0.5,9.999999999999996,0.1999984846444242,force,track
countertop,22.15000000000018,166,0.3799999999999999,0.04000000000000031,0.5,9.999999999999996,0.1999984846444242,force,track
countertop,22.20000000000018,166,0.3799999999999999,0.04000000000000031,0.5,9.999999999999996,0.1995669484019512,force,track
countertop,22.25000000000018,167,0.3999999999999999,0.04000000000000031,0.5,9.999999999999996,0.1995669484019512,force,track
countertop,22.300000000000182,167,0.3999999999999999,0.04000000000000031,0.5,9.999999999999996,0.19821788505220983,force,track
countertop,22.350000000000183,167,0.3999999999999999,0.04000000000000031,0.5,9.999999999999996,0.1961148746973838,force,track
countertop,22.400000000000183,168,0.41999999999999993,0.04000000000000031,0.5,9.999999999999996,0.19821788505220983,force,track
countertop,22.450000000000184,168,0.41999999999999993,0.04000000000000031,0.5,9.999999999999996,0.1961148746973838,force,track
countertop,22.500000000000185,168,0.41999999999999993,0.04000000000000031,0.5,9.999999999999996,0.1935129169628072,force,track
countertop,22.550000000000185,169,0.4399999999999999,0.04000000000000031,0.5,9.999999999999996,0.1961148746973838,force,track
countertop,22.600000000000186,169,0.4399999999999999,0.04000000000000031,0.5,9.999999999999996,0.1935129169628072,force,track
countertop,22.650000000000187,170,0.4599999999999999,0.04000000000000031,0.5,9.999999999999996,0.1935129169628072,force,track
countertop,22.700000000000188,170,0.4599999999999999,0.04000000000000031,0.5,9.999999999999996,0.19072751112594613,force,track
countertop,22.75000000000019,170,0.4599999999999999,0.04000000000000031,0.5,9.999999999999996,0.18809640038581665,force,track
countertop,22.80000000000019,171,0.47999999999999987,0.04000000000000031,0.5,9.999999999999996,0.19072751112594613,force,track
countertop,22.85000000000019,171,0.47999999999999987,0.04000000000000031,0.5,9.999999999999996,0.18809640038581665,force,track
countertop,22.90000000000019,172,0.49999999999999983,0.04000000000000031,0.5,9.999999999999996,0.18809640038581665,force,track
countertop,22.95000000000019,172,0.49999999999999983,0.04000000000000031,0.5,9.999999999999996,0.1859386189551631,force,track
countertop,23.000000000000192,173,0.5199999999999998,0.04000000000000031,0.5,9.999999999999996,0.1859386189551631,force,track
countertop,23.050000000000193,173,0.5199999999999998,0.04000000000000031,0.5,9.999999999999996,0.18451580770280307,force,track
countertop,23.100000000000193,174,0.5399999999999998,0.04000000000000031,0.5,9.999999999999996,0.18451580770280307,force,track
countertop,23.150000000000194,174,0.5399999999999998,0.04000000000000031,0.5,9.999999999999996,0.18400048900145827,force,track
countertop,23.200000000000195,174,0.5399999999999998,0.04000000000000031,0.5,9.999999999999996,0.18445514760089174,force,track
countertop,23.250000000000195,175,0.5599999999999998,0.04000000000000031,0.5,9.999999999999996,0.18400048900145827,force,track
countertop,23.300000000000196,175,0.5599999999999998,0.04000000000000031,0.5,9.999999999999996,0.18445514760089174,force,track
countertop,23.350000000000197,175,0.5599999999999998,0.04000000000000031,0.5,9.999999999999996,0.18582465406617496,force,track
countertop,23.400000000000198,176,0.5799999999999998,0.04000000000000031,0.5,9.999999999999996,0.18445514760089174,force,track
countertop,23.4500000000002,176,0.5799999999999998,0.04000000000000031,0.5,9.999999999999996,0.18582465406617496,force,track
countertop,23.5000000000002,176,0.5799999999999998,0.04000000000000031,0.5,9.999999999999996,0.18794294947385173,force,track
countertop,23.5500000000002,177,0.5999999999999999,0.04000000000000031,0.5,9.999999999999996,0.18582465406617496,force,track
countertop,23.6000000000002,177,0.5999999999999999,0.04000000000000031,0.5,9.999999999999996,0.18794294947385173,force,track
countertop,23.6500000000002,177,0.5999999999999999,0.04000000000000031,0.5,9.999999999999996,0.1905531808160115,force,track
countertop,23.700000000000202,178,0.5999999999999999,0.08000000000000035,0.5,9.999999999999996,0.18794294947385173,force,track
countertop,23.750000000000203,178,0.5999999999999999,0.08000000000000035,0.5,9.999999999999996,0.1905531808160115,force,track
countertop,23.800000000000203,178,0.5999999999999999,0.08000000000000035,0.5,9.999999999999996,0.1933388456024224,force,track
countertop,23.850000000000204,178,0.5999999999999999,0.08000000000000035,0.5,9.999999999999996,0.19596216923525117,force,track
countertop,23.900000000000205,178,0.5999999999999999,0.08000000000000035,0.5,9.999999999999996,0.19810506172413422,force,track
countertop,23.950000000000205,179,0.5799999999999998,0.08000000000000035,0.5,9.999999999999996,0.1905531808160115,force,track
countertop,24.000000000000206,179,0.5799999999999998,0.08000000000000035,0.5,9.999999999999996,0.1933388456024224,force,track
countertop,24.050000000000207,179,0.5799999999999998,0.08000000000000035,0.5,9.999999999999996,0.19596216923525117,force,track
countertop,24.100000000000207,180,0.5599999999999998,0.08000000000000035,0.5,9.999999999999996,0.1933388456024224,force,track
countertop,24.150000000000208,180,0.5599999999999998,0.08000000000000035,0.5,9.999999999999996,0.19596216923525117,force,track
countertop,24.20000000000021,180,0.5599999999999998,0.08000000000000035,0.5,9.999999999999996,0.19810506172413422,force,track
countertop,24.25000000000021,181,0.5399999999999998,0.08000000000000035,0.5,9.999999999999996,0.19596216923525117,force,track
countertop,24.30000000000021,181,0.5399999999999998,0.08000000000000035,0.5,9.999999999999996,0.19810506172413422,force,track
countertop,24.35000000000021,181,0.5399999999999998,0.08000000000000035,0.5,9.999999999999996,0.19950768755255016,force,track
countertop,24.40000000000021,182,0.5199999999999998,0.08000000000000035,0.5,9.999999999999996,0.19810506172413422,force,track
countertop,24.450000000000212,182,0.5199999999999998,0.08000000000000035,0.5,9.999999999999996,0.19950768755255016,force,track
countertop,24.500000000000213,182,0.5199999999999998,0.08000000000000035,0.5,9.999999999999996,0.19999997192276486,force,track
countertop,24.550000000000214,183,0.49999999999999983,0.08000000000000035,0.5,9.999999999999996,0.19950768755255016,force,track
countertop,24.600000000000215,183,0.49999999999999983,0.08000000000000035,0.5,9.999999999999996,0.19999997192276486,force,track
countertop,24.650000000000215,184,0.47999999999999987,0.08000000000000035,0.5,9.999999999999996,0.19999997192276486,force,track
countertop,24.700000000000216,184,0.47999999999999987,0.08000000000000035,0.5,9.999999999999996,0.1995222231030308,force,track
countertop,24.750000000000217,185,0.4599999999999999,0.08000000000000035,0.5,9.999999999999996,0.1995222231030308,force,track
countertop,24.800000000000217,185,0.4599999999999999,0.08000000000000035,0.5,9.999999999999996,0.1981323703231097,force,track
countertop,24.850000000000218,186,0.4399999999999999,0.08000000000000035,0.5,9.999999999999996,0.1981323703231097,force,track
countertop,24.90000000000022,186,0.4399999999999999,0.08000000000000035,0.5,9.999999999999996,0.19599893959017778,force,track
countertop,24.95000000000022,186,0.4399999999999999,0.08000000000000035,0.5,9.999999999999996,0.19338061913956656,force,track
countertop,25.00000000000022,187,0.41999999999999993,0.08000000000000035,0.5,9.999999999999996,0.19599893959017778,force,track
countertop,25.05000000000022,187,0.41999999999999993,0.08000000000000035,0.5,9.999999999999996,0.19338061913956656,force,track
countertop,25.10000000000022,188,0.3999999999999999,0.08000000000000035,0.5,9.999999999999996,0.19338061913956656,force,track
countertop,25.150000000000222,188,0.3999999999999999,0.08000000000000035,0.5,9.999999999999996,0.19059489230290952,force,track
countertop,25.200000000000223,188,0.3999999999999999,0.08000000000000035,0.5,9.999999999999996,0.1879795412019161,force,track
countertop,25.250000000000224,189,0.3799999999999999,0.08000000000000035,0.5,9.999999999999996,0.19059489230290952,force,track
countertop,25.300000000000225,189,0.3799999999999999,0.08000000000000035,0.5,9.999999999999996,0.1879795412019161,force,track
countertop,25.350000000000225,189,0.3799999999999999,0.08000000000000035,0.5,9.999999999999996,0.18585168912099623,force,track
countertop,25.400000000000226,190,0.35999999999999993,0.08000000000000035,0.5,9.999999999999996,0.1879795412019161,force,track
countertop,25.450000000000227,190,0.35999999999999993,0.08000000000000035,0.5,9.999999999999996,0.18585168912099623,force,track
countertop,25.500000000000227,191,0.33999999999999997,0.08000000000000035,0.5,9.999999999999996,0.18585168912099623,force,track
countertop,25.550000000000228,191,0.33999999999999997,0.08000000000000035,0.5,9.999999999999996,0.18446934785840619,force,track
countertop,25.60000000000023,192,0.31999999999999995,0.08000000000000035,0.5,9.999999999999996,0.18446934785840619,force,track
countertop,25.65000000000023,192,0.31999999999999995,0.08000000000000035,0.5,9.999999999999996,0.18400013261548598,force,track
countertop,25.70000000000023,192,0.31999999999999995,0.08000000000000035,0.5,9.999999999999996,0.18450093788677338,force,track
countertop,25.75000000000023,193,0.29999999999999993,0.08000000000000035,0.5,9.999999999999996,0.18400013261548598,force,track
countertop,25.80000000000023,193,0.29999999999999993,0.08000000000000035,0.5,9.999999999999996,0.18450093788677338,force,track
countertop,25.850000000000232,193,0.29999999999999993,0.08000000000000035,0.5,9.999999999999996,0.18591103874228873,force,track
countertop,25.900000000000233,194,0.27999999999999997,0.08000000000000035,0.5,9.999999999999996,0.18450093788677338,force,track
countertop,25.950000000000234,194,0.27999999999999997,0.08000000000000035,0.5,9.999999999999996,0.18591103874228873,force,track
countertop,26.000000000000234,195,0.26,0.08000000000000035,0.5,9.999999999999996,0.18591103874228873,force,track
countertop,26.050000000000235,195,0.26,0.08000000000000035,0.5,9.999999999999996,0.1880594540030689,force,track
countertop,26.100000000000236,196,0.24,0.08000000000000035,0.5,9.999999999999996,0.1880594540030689,force,track
countertop,26.150000000000237,196,0.24,0.08000000000000035,0.5,9.999999999999996,0.19068567849123713,force,track
countertop,26.200000000000237,196,0.24,0.08000000000000035,0.5,9.999999999999996,0.19347127047445076,force,track
countertop,26.250000000000238,197,0.22,0.08000000000000035,0.5,9.999999999999996,0.19068567849123713,force,track
countertop,26.30000000000024,197,0.22,0.08000000000000035,0.5,9.999999999999996,0.19347127047445076,force,track
countertop,26.35000000000024,198,0.22,0.12000000000000038,0.5,9.999999999999996,0.19347127047445076,force,track
countertop,26.40000000000024,198,0.22,0.12000000000000038,0.5,9.999999999999996,0.1960784641825969,force,track
countertop,26.45000000000024,198,0.22,0.12000000000000038,0.5,9.999999999999996,0.19819112545246312,force,track
countertop,26.50000000000024,198,0.22,0.12000000000000038,0.5,9.999999999999996,0.19955308444112052,force,track
countertop,26.550000000000242,198,0.22,0.12000000000000038,0.5,9.999999999999996,0.19999919739117833,force,track
countertop,26.600000000000243,199,0.26,0.12000000000000038,0.5,9.999999999999996,0.1960784641825969,force,track
countertop,26.650000000000244,199,0.26,0.12000000000000038,0.5,9.999999999999996,0.19819112545246312,force,track
countertop,26.700000000000244,199,0.26,0.12000000000000038,0.5,9.999999999999996,0.19955308444112052,force,track
countertop,26.750000000000245,199,0.26,0.12000000000000038,0.5,9.999999999999996,0.19999919739117833,force,track
countertop,26.800000000000246,199,0.26,0.12000000000000038,0.5,9.999999999999996,0.19947537106678523,force,track
countertop,26.850000000000247,200,0.27999999999999997,0.12000000000000038,0.5,9.999999999999996,0.19819112545246312,force,track
countertop,26.900000000000247,200,0.27999999999999997,0.12000000000000038,0.5,9.999999999999996,0.19955308444112052,force,track
countertop,26.950000000000248,201,0.29999999999999993,0.12000000000000038,0.5,9.999999999999996,0.19955308444112052,force,track
countertop,27.00000000000025,201,0.29999999999999993,0.12000000000000038,0.5,9.999999999999996,0.19999919739117833,force,track
countertop,27.05000000000025,202,0.31999999999999995,0.12000000000000038,0.5,9.999999999999996,0.19999919739117833,force,track
countertop,27.10000000000025,202,0.31999999999999995,0.12000000000000038,0.5,9.999999999999996,0.19947537106678523,force,track
countertop,27.15000000000025,202,0.31999999999999995,0.12000000000000038,0.5,9.999999999999996,0.19804512180591538,force,track
countertop,27.20000000000025,203,0.35999999999999993,0.12000000000000038,0.5,9.999999999999996,0.19947537106678523,force,track
countertop,27.250000000000252,203,0.35999999999999993,0.12000000000000038,0.5,9.999999999999996,0.19804512180591538,force,track
countertop,27.300000000000253,203,0.35999999999999993,0.12000000000000038,0.5,9.999999999999996,0.19588187387384584,force,track
countertop,27.350000000000254,203,0.35999999999999993,0.12000000000000038,0.5,9.999999999999996,0.19324793097769657,force,track
countertop,27.400000000000254,204,0.3799999999999999,0.12000000000000038,0.5,9.999999999999996,0.19804512180591538,force,track
countertop,27.450000000000255,204,0.3799999999999999,0.12000000000000038,0.5,9.999999999999996,0.19588187387384584,force,track
countertop,27.500000000000256,205,0.3999999999999999,0.12000000000000038,0.5,9.999999999999996,0.19588187387384584,force,track
countertop,27.550000000000257,205,0.3999999999999999,0.12000000000000038,0.5,9.999999999999996,0.19324793097769657,force,track
countertop,27.600000000000257,205,0.3999999999999999,0.12000000000000038,0.5,9.999999999999996,0.1904626707420844,force,track
countertop,27.650000000000258,206,0.41999999999999993,0.12000000000000038,0.5,9.999999999999996,0.19324793097769657,force,track
countertop,27.70000000000026,206,0.41999999999999993,0.12000000000000038,0.5,9.999999999999996,0.1904626707420844,force,track
countertop,27.75000000000026,206,0.41999999999999993,0.12000000000000038,0.5,9.999999999999996,0.18786381871120766,force,track
countertop,27.80000000000026,207,0.4399999999999999,0.12000000000000038,0.5,9.999999999999996,0.1904626707420844,force,track
countertop,27.85000000000026,207,0.4399999999999999,0.12000000000000038,0.5,9.999999999999996,0.18786381871120766,force,track
countertop,27.90000000000026,208,0.4599999999999999,0.12000000000000038,0.5,9.999999999999996,0.18786381871120766,force,track
countertop,27.950000000000262,208,0.4599999999999999,0.12000000000000038,0.5,9.999999999999996,0.18576649758175284,force,track
countertop,28.000000000000263,208,0.4599999999999999,0.12000000000000038,0.5,9.999999999999996,0.18442501713445322,force,track
countertop,28.050000000000264,209,0.47999999999999987,0.12000000000000038,0.5,9.999999999999996,0.18576649758175284,force,track
countertop,28.100000000000264,209,0.47999999999999987,0.12000000000000038,0.5,9.999999999999996,0.18442501713445322,force,track
countertop,28.150000000000265,210,0.49999999999999983,0.12000000000000038,0.5,9.999999999999996,0.18442501713445322,force,track
countertop,28.200000000000266,210,0.49999999999999983,0.12000000000000038,0.5,9.999999999999996,0.18400203800988502,force,track
countertop,28.250000000000266,211,0.5199999999999998,0.12000000000000038,0.5,9.999999999999996,0.18400203800988502,force,track
countertop,28.300000000000267,211,0.5199999999999998,0.12000000000000038,0.5,9.999999999999996,0.18454884836173768,force,track
countertop,28.350000000000268,212,0.5399999999999998,0.12000000000000038,0.5,9.999999999999996,0.18454884836173768,force,track
countertop,28.40000000000027,212,0.5399999999999998,0.12000000000000038,0.5,9.999999999999996,0.18599914493357173,force,track
countertop,28.45000000000027,212,0.5399999999999998,0.12000000000000038,0.5,9.999999999999996,0.18817707263195288,force,track
countertop,28.50000000000027,213,0.5599999999999998,0.12000000000000038,0.5,9.999999999999996,0.18599914493357173,force,track
countertop,28.55000000000027,213,0.5599999999999998,0.12000000000000038,0.5,9.999999999999996,0.18817707263195288,force,track
countertop,28.60000000000027,213,0.5599999999999998,0.12000000000000038,0.5,9.999999999999996,0.19081854776094656,force,track
countertop,28.650000000000272,214,0.5799999999999998,0.12000000000000038,0.5,9.999999999999996,0.18817707263195288,force,track
countertop,28.700000000000273,214,0.5799999999999998,0.12000000000000038,0.5,9.999999999999996,0.19081854776094656,force,track
countertop,28.750000000000274,214,0.5799999999999998,0.12000000000000038,0.5,9.999999999999996,0.19360327937824856,force,track
countertop,28.800000000000274,215,0.5999999999999999,0.12000000000000038,0.5,9.999999999999996,0.19081854776094656,force,track
countertop,28.850000000000275,215,0.5999999999999999,0.12000000000000038,0.5,9.999999999999996,0.19360327937824856,force,track
countertop,28.900000000000276,215,0.5999999999999999,0.12000000000000038,0.5,9.999999999999996,0.19619360603704863,force,track
countertop,28.950000000000276,216,0.41999999999999993,0.16000000000000042,0.5,9.999999999999996,0.19360327937824856,force,track
countertop,29.000000000000277,216,0.41999999999999993,0.16000000000000042,0.5,9.999999999999996,0.19619360603704863,force,track
countertop,29.050000000000278,216,0.41999999999999993,0.16000000000000042,0.5,9.999999999999996,0.19827543878102258,force,track
countertop,29.10000000000028,216,0.41999999999999993,0.16000000000000042,0.5,9.999999999999996,0.19959634586702496,force,track
countertop,29.15000000000028,216,0.41999999999999993,0.16000000000000042,0.5,9.999999999999996,0.19999616126864583,force,track
countertop,29.20000000000028,216,0.41999999999999993,0.16000000000000042,0.5,9.999999999999996,0.19942640553956104,force,track
countertop,29.25000000000028,216,0.41999999999999993,0.16000000000000042,0.5,9.999999999999996,0.19795616416815867,force,track
countertop,29.30000000000028,216,0.41999999999999993,0.16000000000000042,0.5,9.999999999999996,0.19576371064605402,force,track
countertop,29.350000000000282,216,0.41999999999999993,0.16000000000000042,0.5,9.999999999999996,0.19311488999175408,force,track
countertop,29.400000000000283,216,0.41999999999999993,0.16000000000000042,0.5,9.999999999999996,0.19033088382610672,force,track
countertop,29.450000000000284,216,0.41999999999999993,0.16000000000000042,0.5,9.999999999999996,0.1877492656315909,force,track
countertop,29.500000000000284,216,0.41999999999999993,0.16000000000000042,0.5,9.999999999999996,0.18568306842340113,force,track
countertop,29.550000000000285,216,0.41999999999999993,0.16000000000000042,0.5,9.999999999999996,0.18438282806444717,force,track
countertop,29.600000000000286,216,0.41999999999999993,0.16000000000000042,0.5,9.999999999999996,0.18400620464594852,force,track
countertop,29.650000000000286,216,0.41999999999999993,0.16000000000000042,0.5,9.999999999999996,0.18459886548018867,force,track
countertop,29.700000000000287,216,0.41999999999999993,0.16000000000000042,0.5,9.999999999999996,0.18608894773000428,force,track
countertop,29.750000000000288,216,0.41999999999999993,0.16000000000000042,0.5,9.999999999999996,0.18829577210651427,force,track
countertop,29.80000000000029,216,0.41999999999999993,0.16000000000000042,0.5,9.999999999999996,0.19095175105937856,force,track
countertop,29.85000000000029,216,0.41999999999999993,0.16000000000000042,0.5,9.999999999999996,0.19373483499130373,force,track
countertop,29.90000000000029,217,0.3999999999999999,0.16000000000000042,0.5,9.999999999999996,0.19619360603704863,force,track
countertop,29.95000000000029,217,0.3999999999999999,0.16000000000000042,0.5,9.999999999999996,0.19827543878102258,force,track
countertop,30.00000000000029,217,0.3999999999999999,0.16000000000000042,0.5,9.999999999999996,0.19959634586702496,force,track
countertop,30.050000000000292,218,0.3799999999999999,0.16000000000000042,0.5,9.999999999999996,0.19827543878102258,force,track
countertop,30.100000000000293,218,0.3799999999999999,0.16000000000000042,0.5,9.999999999999996,0.19959634586702496,force,track
countertop,30.150000000000293,218,0.3799999999999999,0.16000000000000042,0.5,9.999999999999996,0.19999616126864583,force,track
countertop,30.200000000000294,219,0.35999999999999993,0.16000000000000042,0.5,9.999999999999996,0.19959634586702496,force,track
countertop,30.250000000000295,219,0.35999999999999993,0.16000000000000042,0.5,9.999999999999996,0.19999616126864583,force,track
countertop,30.300000000000296,220,0.33999999999999997,0.16000000000000042,0.5,9.999999999999996,0.19999616126864583,force,track
countertop,30.350000000000296,220,0.33999999999999997,0.16000000000000042,0.5,9.999999999999996,0.19942640553956104,force,track
countertop,30.400000000000297,221,0.31999999999999995,0.16000000000000042,0.5,9.999999999999996,0.19942640553956104,force,track
countertop,30.450000000000298,221,0.31999999999999995,0.16000000000000042,0.5,9.999999999999996,0.19795616416815867,force,track
countertop,30.5000000000003,221,0.31999999999999995,0.16000000000000042,0.5,9.999999999999996,0.19576371064605402,force,track
countertop,30.5500000000003,222,0.29999999999999993,0.16000000000000042,0.5,9.999999999999996,0.19795616416815867,force,track
countertop,30.6000000000003,222,0.29999999999999993,0.16000000000000042,0.5,9.999999999999996,0.19576371064605402,force,track
countertop,30.6500000000003,222,0.29999999999999993,0.16000000000000042,0.5,9.999999999999996,0.19311488999175408,force,track
countertop,30.7000000000003,223,0.27999999999999997,0.16000000000000042,0.5,9.999999999999996,0.19576371064605402,force,track
countertop,30.750000000000302,223,0.27999999999999997,0.16000000000000042,0.5,9.999999999999996,0.19311488999175408,force,track
countertop,30.800000000000303,224,0.26,0.16000000000000042,0.5,9.999999999999996,0.19311488999175408,force,track
countertop,30.850000000000303,224,0.26,0.16000000000000042,0.5,9.999999999999996,0.19033088382610672,force,track
countertop,30.900000000000304,225,0.24,0.16000000000000042,0.5,9.999999999999996,0.19033088382610672,force,track
countertop,30.950000000000305,225,0.24,0.16000000000000042,0.5,9.999999999999996,0.1877492656315909,force,track
countertop,31.000000000000306,225,0.24,0.16000000000000042,0.5,9.999999999999996,0.18568306842340113,force,track
countertop,31.050000000000306,226,0.22,0.16000000000000042,0.5,9.999999999999996,0.1877492656315909,force,track
countertop,31.100000000000307,226,0.22,0.16000000000000042,0.5,9.999999999999996,0.18568306842340113,force,track
countertop,31.150000000000308,227,0.22,0.20000000000000046,0.5,9.999999999999996,0.18568306842340113,force,track
countertop,31.20000000000031,227,0.22,0.20000000000000046,0.5,9.999999999999996,0.18438282806444717,force,track
countertop,31.25000000000031,227,0.22,0.20000000000000046,0.5,9.999999999999996,0.18400620464594852,force,track
countertop,31.30000000000031,227,0.22,0.20000000000000046,0.5,9.999999999999996,0.18459886548018867,force,track
countertop,31.35000000000031,227,0.22,0.20000000000000046,0.5,9.999999999999996,0.18608894773000428,force,track
countertop,31.40000000000031,228,0.24,0.20000000000000046,0.5,9.999999999999996,0.18438282806444717,force,track
countertop,31.450000000000312,228,0.24,0.20000000000000046,0.5,9.999999999999996,0.18400620464594852,force,track
countertop,31.500000000000313,229,0.26,0.20000000000000046,0.5,9.999999999999996,0.18400620464594852,force,track
countertop,31.550000000000313,229,0.26,0.20000000000000046,0.5,9.999999999999996,0.18459886548018867,force,track
countertop,31.600000000000314,229,0.26,0.20000000000000046,0.5,9.999999999999996,0.18608894773000428,force,track
countertop,31.650000000000315,230,0.27999999999999997,0.20000000000000046,0.5,9.999999999999996,0.18459886548018867,force,track
countertop,31.700000000000315,230,0.27999999999999997,0.20000000000000046,0.5,9.999999999999996,0.18608894773000428,force,track
countertop,31.750000000000316,231,0.29999999999999993,0.20000000000000046,0.5,9.999999999999996,0.18608894773000428,force,track
countertop,31.800000000000317,231,0.29999999999999993,0.20000000000000046,0.5,9.999999999999996,0.18829577210651427,force,track
countertop,31.850000000000318,232,0.31999999999999995,0.20000000000000046,0.5,9.999999999999996,0.18829577210651427,force,track
countertop,31.90000000000032,232,0.31999999999999995,0.20000000000000046,0.5,9.999999999999996,0.19095175105937856,force,track
countertop,31.95000000000032,232,0.31999999999999995,0.20000000000000046,0.5,9.999999999999996,0.19373483499130373,force,track
countertop,32.00000000000032,233,0.33999999999999997,0.20000000000000046,0.5,9.999999999999996,0.19095175105937856,force,track
countertop,32.05000000000032,233,0.33999999999999997,0.20000000000000046,0.5,9.999999999999996,0.19373483499130373,force,track
countertop,32.100000000000314,233,0.33999999999999997,0.20000000000000046,0.5,9.999999999999996,0.19630756224486864,force,track
countertop,32.15000000000031,234,0.35999999999999993,0.20000000000000046,0.5,9.999999999999996,0.19373483499130373,force,track
countertop,32.20000000000031,234,0.35999999999999993,0.20000000000000046,0.5,9.999999999999996,0.19630756224486864,force,track
countertop,32.250000000000306,235,0.3799999999999999,0.20000000000000046,0.5,9.999999999999996,0.19630756224486864,force,track
countertop,32.3000000000003,235,0.3799999999999999,0.20000000000000046,0.5,9.999999999999996,0.19835797787213855,force,track
countertop,32.3500000000003,236,0.3999999999999999,0.20000000000000046,0.5,9.999999999999996,0.19835797787213855,force,track
countertop,32.4000000000003,236,0.3999999999999999,0.20000000000000046,0.5,9.999999999999996,0.1996374595990802,force,track
countertop,32.450000000000294,236,0.3999999999999999,0.20000000000000046,0.5,9.999999999999996,0.1999908644135619,force,track
countertop,32.50000000000029,237,0.41999999999999993,0.20000000000000046,0.5,9.999999999999996,0.1996374595990802,force,track
countertop,32.55000000000029,237,0.41999999999999993,0.20000000000000046,0.5,9.999999999999996,0.1999908644135619,force,track
countertop,32.600000000000286,237,0.41999999999999993,0.20000000000000046,0.5,9.999999999999996,0.19937534036524626,force,track
countertop,32.65000000000028,238,0.41999999999999993,0.2400000000000005,0.5,9.999999999999996,0.1999908644135619,force,track
countertop,32.70000000000028,238,0.41999999999999993,0.2400000000000005,0.5,9.999999999999996,0.19937534036524626,force,track
countertop,32.75000000000028,238,0.41999999999999993,0.2400000000000005,0.5,9.999999999999996,0.19786552256058634,force,track
countertop,32.800000000000274,238,0.41999999999999993,0.2400000000000005,0.5,9.999999999999996,0.1956444833147648,force,track
countertop,32.85000000000027,238,0.41999999999999993,0.2400000000000005,0.5,9.999999999999996,0.19298153379604893,force,track
countertop,32.90000000000027,239,0.3999999999999999,0.2400000000000005,0.5,9.999999999999996,0.19937534036524626,force,track
countertop,32.950000000000266,239,0.3999999999999999,0.2400000000000005,0.5,9.999999999999996,0.19786552256058634,force,track
countertop,33.00000000000026,239,0.3999999999999999,0.2400000000000005,0.5,9.999999999999996,0.1956444833147648,force,track
countertop,33.05000000000026,240,0.3799999999999999,0.2400000000000005,0.5,9.999999999999996,0.19786552256058634,force,track
countertop,33.10000000000026,240,0.3799999999999999,0.2400000000000005,0.5,9.999999999999996,0.1956444833147648,force,track
countertop,33.150000000000254,240,0.3799999999999999,0.2400000000000005,0.5,9.999999999999996,0.19298153379604893,force,track
countertop,33.20000000000025,241,0.35999999999999993,0.2400000000000005,0.5,9.999999999999996,0.1956444833147648,force,track
countertop,33.25000000000025,241,0.35999999999999993,0.2400000000000005,0.5,9.999999999999996,0.19298153379604893,force,track
countertop,33.300000000000246,242,0.33999999999999997,0.2400000000000005,0.5,9.999999999999996,0.19298153379604893,force,track
countertop,33.35000000000024,242,0.33999999999999997,0.2400000000000005,0.5,9.999999999999996,0.19019956881472683,force,track
countertop,33.40000000000024,243,0.31999999999999995,0.2400000000000005,0.5,9.999999999999996,0.19019956881472683,force,track
countertop,33.45000000000024,243,0.31999999999999995,0.2400000000000005,0.5,9.999999999999996,0.187635914350341,force,track
countertop,33.500000000000234,243,0.31999999999999995,0.2400000000000005,0.5,9.999999999999996,0.18560142523363612,force,track
countertop,33.55000000000023,244,0.29999999999999993,0.2400000000000005,0.5,9.999999999999996,0.187635914350341,force,track
countertop,33.60000000000023,244,0.29999999999999993,0.2400000000000005,0.5,9.999999999999996,0.18560142523363612,force,track
countertop,33.650000000000226,244,0.29999999999999993,0.2400000000000005,0.5,9.999999999999996,0.18434279257638703,force,track
countertop,33.70000000000022,245,0.27999999999999997,0.2400000000000005,0.5,9.999999999999996,0.18560142523363612,force,track
countertop,33.75000000000022,245,0.27999999999999997,0.2400000000000005,0.5,9.999999999999996,0.18434279257638703,force,track
countertop,33.80000000000022,246,0.26,0.2400000000000005,0.5,9.999999999999996,0.18434279257638703,force,track
countertop,33.850000000000215,246,0.26,0.2400000000000005,0.5,9.999999999999996,0.18401263134565504,force,track
countertop,33.90000000000021,247,0.24,0.2400000000000005,0.5,9.999999999999996,0.18401263134565504,force,track
countertop,33.95000000000021,247,0.24,0.2400000000000005,0.5,9.999999999999996,0.18465097510092468,force,track
countertop,34.000000000000206,247,0.24,0.2400000000000005,0.5,9.999999999999996,0.1861804217418903,force,track
countertop,34.0500000000002,248,0.22,0.2400000000000005,0.5,9.999999999999996,0.18465097510092468,force,track
countertop,34.1000000000002,248,0.22,0.2400000000000005,0.5,9.999999999999996,0.1861804217418903,force,track
countertop,34.1500000000002,249,0.22,0.2800000000000005,0.5,9.999999999999996,0.1861804217418903,force,track
countertop,34.200000000000195,249,0.22,0.2800000000000005,0.5,9.999999999999996,0.1884155188671791,force,track
countertop,34.25000000000019,249,0.22,0.2800000000000005,0.5,9.999999999999996,0.19108525072633323,force,track
countertop,34.30000000000019,249,0.22,0.2800000000000005,0.5,9.999999999999996,0.19386590011926186,force,track
countertop,34.350000000000186,249,0.22,0.2800000000000005,0.5,9.999999999999996,0.19642030058753335,force,track
countertop,34.40000000000018,250,0.24,0.2800000000000005,0.5,9.999999999999996,0.1884155188671791,force,track
countertop,34.45000000000018,250,0.24,0.2800000000000005,0.5,9.999999999999996,0.19108525072633323,force,track
countertop,34.50000000000018,251,0.26,0.2800000000000005,0.5,9.999999999999996,0.19108525072633323,force,track
countertop,34.550000000000175,251,0.26,0.2800000000000005,0.5,9.999999999999996,0.19386590011926186,force,track
countertop,34.60000000000017,251,0.26,0.2800000000000005,0.5,9.999999999999996,0.19642030058753335,force,track
countertop,34.65000000000017,252,0.27999999999999997,0.2800000000000005,0.5,9.999999999999996,0.19386590011926186,force,track
countertop,34.700000000000166,252,0.27999999999999997,0.2800000000000005,0.5,9.999999999999996,0.19642030058753335,force,track
countertop,34.75000000000016,253,0.29999999999999993,0.2800000000000005,0.5,9.999999999999996,0.19642030058753335,force,track
countertop,34.80000000000016,253,0.29999999999999993,0.2800000000000005,0.5,9.999999999999996,0.1984387193897622,force,track
countertop,34.85000000000016,254,0.31999999999999995,0.2800000000000005,0.5,9.999999999999996,0.1984387193897622,force,track
countertop,34.900000000000155,254,0.31999999999999995,0.2800000000000005,0.5,9.999999999999996,0.19967641401331457,force,track
countertop,34.95000000000015,254,0.31999999999999995,0.2800000000000005,0.5,9.999999999999996,0.19998330832349165,force,track
countertop,35.00000000000015,255,0.33999999999999997,0.2800000000000005,0.5,9.999999999999996,0.19967641401331457,force,track
countertop,35.050000000000146,255,0.33999999999999997,0.2800000000000005,0.5,9.999999999999996,0.19998330832349165,force,track
countertop,35.10000000000014,255,0.33999999999999997,0.2800000000000005,0.5,9.999999999999996,0.1993221899813563,force,track
countertop,35.15000000000014,256,0.35999999999999993,0.2800000000000005,0.5,9.999999999999996,0.19998330832349165,force,track
countertop,35.20000000000014,256,0.35999999999999993,0.2800000000000005,0.5,9.999999999999996,0.1993221899813563,force,track
countertop,35.250000000000135,257,0.3799999999999999,0.2800000000000005,0.5,9.999999999999996,0.1993221899813563,force,track
countertop,35.30000000000013,257,0.3799999999999999,0.2800000000000005,0.5,9.999999999999996,0.19777322261004943,force,track
countertop,35.35000000000013,258,0.3999999999999999,0.2800000000000005,0.5,9.999999999999996,0.19777322261004943,force,track
countertop,35.40000000000013,258,0.3999999999999999,0.2800000000000005,0.5,9.999999999999996,0.19552422558879168,force,track
countertop,35.450000000000124,258,0.3999999999999999,0.2800000000000005,0.5,9.999999999999996,0.19284790009400926,force,track
countertop,35.50000000000012,259,0.41999999999999993,0.2800000000000005,0.5,9.999999999999996,0.19552422558879168,force,track
countertop,35.55000000000012,259,0.41999999999999993,0.2800000000000005,0.5,9.999999999999996,0.19284790009400926,force,track
countertop,35.600000000000115,259,0.41999999999999993,0.2800000000000005,0.5,9.999999999999996,0.19006876283427446,force,track
