x,y,z,joint_names,joint_positions
0.22,-0.27999999999999997,0.5,shoulder_pan_joint;shoulder_lift_joint;elbow_joint;wrist_1_joint;wrist_2_joint;wrist_3_joint,-1.2885159368;-1.9550702695;1.8449683165;4.8224906130;-1.5707965245;4.9946693662
0.24,-0.27999999999999997,0.5,shoulder_pan_joint;shoulder_lift_joint;elbow_joint;wrist_1_joint;wrist_2_joint;wrist_3_joint,5.0511816530;-0.2008282694;-1.8248372609;0.4548677236;4.7123907661;-2.8027993789
0.26,-0.27999999999999997,0.5,shoulder_pan_joint;shoulder_lift_joint;elbow_joint;wrist_1_joint;wrist_2_joint;wrist_3_joint,-3.6076543461;-1.7266579782;-1.3709332515;-4.7563904011;4.7123889810;1.1047346333
0.27999999999999997,-0.27999999999999997,0.5,shoulder_pan_joint;shoulder_lift_joint;elbow_joint;wrist_1_joint;wrist_2_joint;wrist_3_joint,-1.1287363282;-1.8520912368;1.7785854266;-1.4972905207;-1.5707963238;-1.1287363284
0.29999999999999993,-0.27999999999999997,0.5,shoulder_pan_joint;shoulder_lift_joint;elbow_joint;wrist_1_joint;wrist_2_joint;wrist_3_joint,-3.5616873888;4.9571907637;-1.7523964006;4.6491872710;1.5707963259;-0.4200947350
0.31999999999999995,-0.27999999999999997,0.5,shoulder_pan_joint;shoulder_lift_joint;elbow_joint;wrist_1_joint;wrist_2_joint;wrist_3_joint,-1.0377059007;-1.7782951824;1.7241731589;-1.5166833449;4.7123895093;-2.6085013437
0.33999999999999997,-0.27999999999999997,0.5,shoulder_pan_joint;shoulder_lift_joint;elbow_joint;wrist_1_joint;wrist_2_joint;wrist_3_joint,2.7601291535;-1.4013288774;-1.6938741718;4.6659986351;-4.7123892392;4.3309257396
0.35999999999999993,-0.27999999999999997,0.5,shoulder_pan_joint;shoulder_lift_joint;elbow_joint;wrist_1_joint;wrist_2_joint;wrist_3_joint,-0.9576543416;4.5815923805;1.6614747390;4.7525021649;4.7123888060;-2.5284508711
0.3799999999999999,-0.27999999999999997,0.5,shoulder_pan_joint;shoulder_lift_joint;elbow_joint;wrist_1_joint;wrist_2_joint;wrist_3_joint,2.7928662733;4.8039302456;-1.6269414592;-1.6061924580;1.5707963267;-1.9195227067
0.3999999999999999,-0.27999999999999997,0.5,shoulder_pan_joint;shoulder_lift_joint;elbow_joint;wrist_1_joint;wrist_2_joint;wrist_3_joint,-0.8872454671;-1.6225407446;1.5902331483;4.7446965762;4.7123889804;3.8251435131
0.41999999999999993,-0.27999999999999997,0.5,shoulder_pan_joint;shoulder_lift_joint;elbow_joint;wrist_1_joint;wrist_2_joint;wrist_3_joint,2.8208367184;-1.5593721694;-1.5512933335;4.6814618591;-4.7123890505;4.3916330380
0.4399999999999999,-0.27999999999999997,0.5,shoulder_pan_joint;shoulder_lift_joint;elbow_joint;wrist_1_joint;wrist_2_joint;wrist_3_joint,-0.8251882545;-1.5413674711;1.5100420390;-1.5394709150;-1.5707960717;-0.8251881729
0.4599999999999999,-0.27999999999999997,0.5,shoulder_pan_joint;shoulder_lift_joint;elbow_joint;wrist_1_joint;wrist_2_joint;wrist_3_joint,-0.7969208524;-1.4999641362;1.4663889819;-1.5372212048;-1.5707960060;-0.7969207930
0.47999999999999987,-0.27999999999999997,0.5,shoulder_pan_joint;shoulder_lift_joint;elbow_joint;wrist_1_joint;wrist_2_joint;wrist_3_joint,-3.4274260232;-1.6836292290;-1.4202127140;4.6746382790;-4.7123889808;-1.8566296963
0.49999999999999983,-0.27999999999999997,0.5,shoulder_pan_joint;shoulder_lift_joint;elbow_joint;wrist_1_joint;wrist_2_joint;wrist_3_joint,-3.4173206089;4.5568891349;-1.3713563186;4.6684487924;-4.7123889824;6.0074573524
0.5199999999999998,-0.27999999999999997,0.5,shoulder_pan_joint;shoulder_lift_joint;elbow_joint;wrist_1_joint;wrist_2_joint;wrist_3_joint,2.8753179234;-1.7697206708;-1.3196406479;-1.6230276897;-4.7123888627;6.0169105293
0.5399999999999998,-0.27999999999999997,0.5,shoulder_pan_joint;shoulder_lift_joint;elbow_joint;wrist_1_joint;wrist_2_joint;wrist_3_joint,2.8841771265;-1.8140435540;-1.2647552076;4.6495950886;-4.7123889802;4.4549734535
0.5599999999999998,-0.27999999999999997,0.5,shoulder_pan_joint;shoulder_lift_joint;elbow_joint;wrist_1_joint;wrist_2_joint;wrist_3_joint,2.8924928422;4.4237656828;-1.2064263976;-1.6465429582;1.5707963266;6.0340854960
0.5799999999999998,-0.27999999999999997,0.5,shoulder_pan_joint;shoulder_lift_joint;elbow_joint;wrist_1_joint;wrist_2_joint;wrist_3_joint,-3.3828737397;-1.9060733979;-1.1442033714;-1.6621122102;1.5707963267;-0.2412810858
0.5999999999999999,-0.27999999999999997,0.5,shoulder_pan_joint;shoulder_lift_joint;elbow_joint;wrist_1_joint;wrist_2_joint;wrist_3_joint,2.9076745835;4.3288879247;-1.0775086770;-1.6805829206;1.5707963266;-0.2339180699
0.5999999999999999,-0.23999999999999994,0.5,shoulder_pan_joint;shoulder_lift_joint;elbow_joint;wrist_1_joint;wrist_2_joint;wrist_3_joint,-3.3143308619;4.3713937714;-1.1364209066;4.6190087674;-4.7123890179;-1.7435345330
0.5799999999999998,-0.23999999999999994,0.5,shoulder_pan_joint;shoulder_lift_joint;elbow_joint;wrist_1_joint;wrist_2_joint;wrist_3_joint,2.9632465872;4.4196623881;-1.2010450275;4.6353642736;-4.7123889806;-1.7491423930
0.5399999999999998,-0.23999999999999994,0.5,shoulder_pan_joint;shoulder_lift_joint;elbow_joint;wrist_1_joint;wrist_2_joint;wrist_3_joint,-3.3322825929;-1.7705676157;-1.3185980709;4.6599619010;1.5707967008;-3.3322826800
0.5199999999999998,-0.23999999999999994,0.5,shoulder_pan_joint;shoulder_lift_joint;elbow_joint;wrist_1_joint;wrist_2_joint;wrist_3_joint,-3.3390940916;4.5577498092;-1.3723607687;-1.6145927119;1.5707963268;-1.7682977641
0.49999999999999983,-0.23999999999999994,0.5,shoulder_pan_joint;shoulder_lift_joint;elbow_joint;wrist_1_joint;wrist_2_joint;wrist_3_joint,-0.6902422840;-1.4606161335;1.4231851447;-1.5333653669;-1.5707958937;-0.6902422741
0.47999999999999987,-0.23999999999999994,0.5,shoulder_pan_joint;shoulder_lift_joint;elbow_joint;wrist_1_joint;wrist_2_joint;wrist_3_joint,-3.3542225710;4.6460952436;-1.4712645371;4.6791509277;-4.7123889806;4.4997590632
0.4599999999999999,-0.23999999999999994,0.5,shoulder_pan_joint;shoulder_lift_joint;elbow_joint;wrist_1_joint;wrist_2_joint;wrist_3_joint,-3.3626493049;4.6895182552;-1.5167855676;4.6812489466;-4.7123889804;-1.7918529779
0.4399999999999999,-0.23999999999999994,0.5,shoulder_pan_joint;shoulder_lift_joint;elbow_joint;wrist_1_joint;wrist_2_joint;wrist_3_joint,-0.7685489373;-1.5909477082;1.5598714806;-1.5397201202;-1.5707961445;-0.7685488793
0.41999999999999993,-0.23999999999999994,0.5,shoulder_pan_joint;shoulder_lift_joint;elbow_joint;wrist_1_joint;wrist_2_joint;wrist_3_joint,-3.3815627605;-1.9970538451;-1.0163737771;-4.8405540072;-1.5707963138;1.3308262188
0.3999999999999999,-0.23999999999999994,0.5,shoulder_pan_joint;shoulder_lift_joint;elbow_joint;wrist_1_joint;wrist_2_joint;wrist_3_joint,-0.8302184011;-1.6759525483;1.6391068216;-1.5339506004;-1.5707963266;-0.8302184013
0.3799999999999999,-0.23999999999999994,0.5,shoulder_pan_joint;shoulder_lift_joint;elbow_joint;wrist_1_joint;wrist_2_joint;wrist_3_joint,2.8793949103;-1.4236231739;-1.6753904700;-1.6133753467;1.5707964459;-1.8329940793
0.35999999999999993,-0.23999999999999994,0.5,shoulder_pan_joint;shoulder_lift_joint;elbow_joint;wrist_1_joint;wrist_2_joint;wrist_3_joint,5.3819975231;-1.7596514533;1.7095125535;-1.5206573681;-1.5707967577;-2.4719840554
0.33999999999999997,-0.23999999999999994,0.5,shoulder_pan_joint;shoulder_lift_joint;elbow_joint;wrist_1_joint;wrist_2_joint;wrist_3_joint,2.8529753240;-1.8144299978;-1.2642676150;1.5079012841;4.7123890608;1.2821789989
0.31999999999999995,-0.23999999999999994,0.5,shoulder_pan_joint;shoulder_lift_joint;elbow_joint;wrist_1_joint;wrist_2_joint;wrist_3_joint,-0.9832422259;-1.8418555447;1.7713819151;-1.5003222726;-1.5707879848;-0.9832424684
0.29999999999999993,-0.23999999999999994,0.5,shoulder_pan_joint;shoulder_lift_joint;elbow_joint;wrist_1_joint;wrist_2_joint;wrist_3_joint,-3.4619993469;-1.7320024274;-1.3646736525;1.5258796730;4.7123890765;1.2503896372
0.27999999999999997,-0.23999999999999994,0.5,shoulder_pan_joint;shoulder_lift_joint;elbow_joint;wrist_1_joint;wrist_2_joint;wrist_3_joint,-1.0784599660;-1.9219785217;1.8248366262;-1.4736544311;-1.5707963266;-1.0784599663
0.26,-0.23999999999999994,0.5,shoulder_pan_joint;shoulder_lift_joint;elbow_joint;wrist_1_joint;wrist_2_joint;wrist_3_joint,-3.5007505445;-1.1806125671;-1.8484445222;-1.6833318891;-4.7123889769;2.7824347637
0.24,-0.23999999999999994,0.5,shoulder_pan_joint;shoulder_lift_joint;elbow_joint;wrist_1_joint;wrist_2_joint;wrist_3_joint,-3.5233829170;4.6656876718;-1.4920564335;1.5387577428;-1.5707963127;1.1890060612
0.22,-0.23999999999999994,0.5,shoulder_pan_joint;shoulder_lift_joint;elbow_joint;wrist_1_joint;wrist_2_joint;wrist_3_joint,-1.2506757416;4.2471788615;1.8894706361;-1.4242605174;-1.5707963266;1.8909169117
0.22,-0.1999999999999999,0.5,shoulder_pan_joint;shoulder_lift_joint;elbow_joint;wrist_1_joint;wrist_2_joint;wrist_3_joint,2.8686800273;-1.0286914926;-1.9255906719;4.5250792426;-4.7123887944;4.4394768784
0.24,-0.1999999999999999,0.5,shoulder_pan_joint;shoulder_lift_joint;elbow_joint;wrist_1_joint;wrist_2_joint;wrist_3_joint,-1.1355605233;-2.0715880876;1.9069265644;-1.4061345116;4.7123890466;3.5768283882
0.26,-0.1999999999999999,0.5,shoulder_pan_joint;shoulder_lift_joint;elbow_joint;wrist_1_joint;wrist_2_joint;wrist_3_joint,-3.3788081321;-1.1121560285;-1.8861072862;-1.7141256654;1.5707963265;-1.8080118052
0.27999999999999997,-0.1999999999999999,0.5,shoulder_pan_joint;shoulder_lift_joint;elbow_joint;wrist_1_joint;wrist_2_joint;wrist_3_joint,-3.3640375890;4.6536868296;-1.4793700653;-4.7451130038;4.7123892614;-4.9348340719
0.29999999999999993,-0.1999999999999999,0.5,shoulder_pan_joint;shoulder_lift_joint;elbow_joint;wrist_1_joint;wrist_2_joint;wrist_3_joint,-3.3509008659;-1.6715983606;-1.4336339217;-4.7487493516;-1.5707963266;2.9322844411
0.31999999999999995,-0.1999999999999999,0.5,shoulder_pan_joint;shoulder_lift_joint;elbow_joint;wrist_1_joint;wrist_2_joint;wrist_3_joint,5.3635492858;-1.8997894477;1.8107029099;-1.4817097893;-1.5707963290;-0.9196360217
0.33999999999999997,-0.1999999999999999,0.5,shoulder_pan_joint;shoulder_lift_joint;elbow_joint;wrist_1_joint;wrist_2_joint;wrist_3_joint,2.9545840971;4.9975340499;-1.7812643710;-1.6454734353;-4.7123892891;4.5253804715
0.35999999999999993,-0.1999999999999999,0.5,shoulder_pan_joint;shoulder_lift_joint;elbow_joint;wrist_1_joint;wrist_2_joint;wrist_3_joint,-0.8367158672;-1.8119152851;1.7496755672;-1.5085566090;-1.5707963266;-0.8367158675
0.3799999999999999,-0.1999999999999999,0.5,shoulder_pan_joint;shoulder_lift_joint;elbow_joint;wrist_1_joint;wrist_2_joint;wrist_3_joint,2.9727495514;4.4341351460;-1.2199469448;1.4982007790;-1.5707963269;1.4019532244
0.3999999999999999,-0.1999999999999999,0.5,shoulder_pan_joint;shoulder_lift_joint;elbow_joint;wrist_1_joint;wrist_2_joint;wrist_3_joint,-0.7663151588;-1.7234928090;1.6800191523;4.7558626225;-1.5707962426;3.9460738228
0.41999999999999993,-0.1999999999999999,0.5,shoulder_pan_joint;shoulder_lift_joint;elbow_joint;wrist_1_joint;wrist_2_joint;wrist_3_joint,-3.2953840683;4.8207147669;-1.6419158424;4.6751830717;-4.7123885573;-1.7245876666
0.4399999999999999,-0.1999999999999999,0.5,shoulder_pan_joint;shoulder_lift_joint;elbow_joint;wrist_1_joint;wrist_2_joint;wrist_3_joint,-3.2887999529;-1.5069666357;-1.6015657945;4.6793287542;-4.7123889758;4.5651816812
0.4599999999999999,-0.1999999999999999,0.5,shoulder_pan_joint;shoulder_lift_joint;elbow_joint;wrist_1_joint;wrist_2_joint;wrist_3_joint,-3.2827371918;-2.0491847591;-0.9393082865;1.4176967185;4.7123889809;-4.8535335173
0.47999999999999987,-0.1999999999999999,0.5,shoulder_pan_joint;shoulder_lift_joint;elbow_joint;wrist_1_joint;wrist_2_joint;wrist_3_joint,-3.2771435975;-2.1058283230;-0.8524544688;1.3874864433;4.7123889832;1.4352453856
0.49999999999999983,-0.1999999999999999,0.5,shoulder_pan_joint;shoulder_lift_joint;elbow_joint;wrist_1_joint;wrist_2_joint;wrist_3_joint,-0.6306384105;-1.4999635721;1.4663883556;-1.5372211105;-1.5707963266;-0.6306384107
0.5199999999999998,-0.1999999999999999,0.5,shoulder_pan_joint;shoulder_lift_joint;elbow_joint;wrist_1_joint;wrist_2_joint;wrist_3_joint,5.6744083682;4.8287449836;1.4162522612;-1.5326082346;-1.5707965056;4.1036120667
0.5399999999999998,-0.1999999999999999,0.5,shoulder_pan_joint;shoulder_lift_joint;elbow_joint;wrist_1_joint;wrist_2_joint;wrist_3_joint,-0.5883095381;-1.4084238432;1.3633034186;-1.5256759025;-1.5707963266;0.9824867885
0.5599999999999998,-0.1999999999999999,0.5,shoulder_pan_joint;shoulder_lift_joint;elbow_joint;wrist_1_joint;wrist_2_joint;wrist_3_joint,5.7140733940;-1.3617708861;1.3073069425;-1.5163315796;-1.5707956558;4.1432768178
0.5799999999999998,-0.1999999999999999,0.5,shoulder_pan_joint;shoulder_lift_joint;elbow_joint;wrist_1_joint;wrist_2_joint;wrist_3_joint,3.0285528461;4.4558886038;-1.2479433181;-1.6371489807;-4.7123890824;4.5993491860
0.5999999999999999,-0.1999999999999999,0.5,shoulder_pan_joint;shoulder_lift_joint;elbow_joint;wrist_1_joint;wrist_2_joint;wrist_3_joint,3.0322008267;4.4073691787;-1.1848179205;4.6314300874;1.5707963184;4.6029971581
0.5999999999999999,-0.15999999999999986,0.5,shoulder_pan_joint;shoulder_lift_joint;elbow_joint;wrist_1_joint;wrist_2_joint;wrist_3_joint,-3.1858460348;-1.8462681406;-1.2235551722;4.6406196368;-4.7123889610;4.6681355971
0.5799999999999998,-0.15999999999999986,0.5,shoulder_pan_joint;shoulder_lift_joint;elbow_joint;wrist_1_joint;wrist_2_joint;wrist_3_joint,3.0958310976;-1.7974008614;-1.2856048037;-1.6293833149;-4.7123889808;-1.6165578826
0.5599999999999998,-0.15999999999999986,0.5,shoulder_pan_joint;shoulder_lift_joint;elbow_joint;wrist_1_joint;wrist_2_joint;wrist_3_joint,-0.5092236042;4.8909903853;1.3440875777;4.7604963243;4.7123889802;4.2031653760
0.5399999999999998,-0.15999999999999986,0.5,shoulder_pan_joint;shoulder_lift_joint;elbow_joint;wrist_1_joint;wrist_2_joint;wrist_3_joint,-3.1906996383;4.5811429575;-1.3993682324;4.6722069562;1.5707963365;-3.1906996252
0.5199999999999998,-0.15999999999999986,0.5,shoulder_pan_joint;shoulder_lift_joint;elbow_joint;wrist_1_joint;wrist_2_joint;wrist_3_joint,-0.5460292452;-1.4864347089;1.4517224747;-1.5360840354;-1.5707962696;-0.5460292638
0.49999999999999983,-0.15999999999999986,0.5,shoulder_pan_joint;shoulder_lift_joint;elbow_joint;wrist_1_joint;wrist_2_joint;wrist_3_joint,-3.1945686325;-1.6086095763;-1.5013514023;4.6807572805;1.5707969221;4.6594129564
0.47999999999999987,-0.15999999999999986,0.5,shoulder_pan_joint;shoulder_lift_joint;elbow_joint;wrist_1_joint;wrist_2_joint;wrist_3_joint,-3.1967396264;4.7209151126;-1.5484277234;4.6814951570;1.5707963391;-3.1967396053
0.4599999999999999,-0.15999999999999986,0.5,shoulder_pan_joint;shoulder_lift_joint;elbow_joint;wrist_1_joint;wrist_2_joint;wrist_3_joint,3.0840921640;4.7671422485;-1.5930689198;4.6799081655;-4.7123894788;4.6548888748
0.4399999999999999,-0.15999999999999986,0.5,shoulder_pan_joint;shoulder_lift_joint;elbow_joint;wrist_1_joint;wrist_2_joint;wrist_3_joint,-3.2016548710;4.8133362713;-1.6353673852;-1.6071725591;1.5707963264;-1.6308585440
0.41999999999999993,-0.15999999999999986,0.5,shoulder_pan_joint;shoulder_lift_joint;elbow_joint;wrist_1_joint;wrist_2_joint;wrist_3_joint,-0.6650968131;-1.7179690613;1.6753926879;-1.5282199425;-1.5707964938;-0.6650968049
0.3999999999999999,-0.15999999999999986,0.5,shoulder_pan_joint;shoulder_lift_joint;elbow_joint;wrist_1_joint;wrist_2_joint;wrist_3_joint,-0.6950840490;-1.7642756507;1.7131826238;4.7634820071;4.7123889727;-2.2658803760
0.3799999999999999,-0.15999999999999986,0.5,shoulder_pan_joint;shoulder_lift_joint;elbow_joint;wrist_1_joint;wrist_2_joint;wrist_3_joint,-0.7277371318;-1.8106912679;1.7487680975;-1.5088731565;-1.5707963265;-0.7277371320
0.35999999999999993,-0.15999999999999986,0.5,shoulder_pan_joint;shoulder_lift_joint;elbow_joint;wrist_1_joint;wrist_2_joint;wrist_3_joint,-0.7634022523;-1.8572343206;1.7821611506;-1.4957231583;-1.5707963196;-0.7634022499
0.33999999999999997,-0.15999999999999986,0.5,shoulder_pan_joint;shoulder_lift_joint;elbow_joint;wrist_1_joint;wrist_2_joint;wrist_3_joint,-3.2187971427;5.0454940944;-1.8133608295;4.6218483767;-4.7123890019;-1.6480008183
0.31999999999999995,-0.15999999999999986,0.5,shoulder_pan_joint;shoulder_lift_joint;elbow_joint;wrist_1_joint;wrist_2_joint;wrist_3_joint,5.4377448396;-1.9506689953;1.8423557060;-1.4624830462;-1.5707963196;-2.4162367856
0.29999999999999993,-0.15999999999999986,0.5,shoulder_pan_joint;shoulder_lift_joint;elbow_joint;wrist_1_joint;wrist_2_joint;wrist_3_joint,-3.2286814546;-1.1440983359;-1.8691292168;4.5840238790;-4.7123889806;4.6253001798
0.27999999999999997,-0.15999999999999986,0.5,shoulder_pan_joint;shoulder_lift_joint;elbow_joint;wrist_1_joint;wrist_2_joint;wrist_3_joint,-0.9452731058;4.2388758466;1.8936591591;-1.4201451934;-1.5707951162;3.7671151871
0.26,-0.15999999999999986,0.5,shoulder_pan_joint;shoulder_lift_joint;elbow_joint;wrist_1_joint;wrist_2_joint;wrist_3_joint,-1.0035139328;-2.0910177264;1.9159182978;-1.3956968984;-1.5707963266;0.5672823936
0.24,-0.15999999999999986,0.5,shoulder_pan_joint;shoulder_lift_joint;elbow_joint;wrist_1_joint;wrist_2_joint;wrist_3_joint,3.0339907934;-1.4848866077;-1.6218509859;1.5359412715;-1.5707963260;-4.8199908410
0.22,-0.15999999999999986,0.5,shoulder_pan_joint;shoulder_lift_joint;elbow_joint;wrist_1_joint;wrist_2_joint;wrist_3_joint,-3.2582754941;-1.4408884407;-1.6607099156;-4.7523832161;4.7123887059;1.4541147089
0.22,-0.11999999999999983,0.5,shoulder_pan_joint;shoulder_lift_joint;elbow_joint;wrist_1_joint;wrist_2_joint;wrist_3_joint,-1.0602188486;-2.2450898423;1.9737670027;-1.2994734870;-1.5707963269;3.6521701322
0.24,-0.11999999999999983,0.5,shoulder_pan_joint;shoulder_lift_joint;elbow_joint;wrist_1_joint;wrist_2_joint;wrist_3_joint,-0.9835312393;4.5724335115;1.6692930161;-4.6709299088;1.5707959244;0.5872645336
0.26,-0.11999999999999983,0.5,shoulder_pan_joint;shoulder_lift_joint;elbow_joint;wrist_1_joint;wrist_2_joint;wrist_3_joint,-3.0897966641;5.2849042811;-1.9382307947;-1.7758770005;1.5707970984;-1.5190002715
0.27999999999999997,-0.11999999999999983,0.5,shoulder_pan_joint;shoulder_lift_joint;elbow_joint;wrist_1_joint;wrist_2_joint;wrist_3_joint,3.1896049576;-1.0487793480;-1.9167299694;4.5363056784;-4.7123888541;4.7604014030
0.29999999999999993,-0.11999999999999983,0.5,shoulder_pan_joint;shoulder_lift_joint;elbow_joint;wrist_1_joint;wrist_2_joint;wrist_3_joint,-0.8057610154;-2.0426402831;1.8928223050;-1.4209779130;-1.5707962015;-0.8057611010
0.31999999999999995,-0.11999999999999983,0.5,shoulder_pan_joint;shoulder_lift_joint;elbow_joint;wrist_1_joint;wrist_2_joint;wrist_3_joint,-3.0996845516;5.1344246368;-1.8665621432;-1.6970684571;1.5708040204;-1.5288899743
0.33999999999999997,-0.11999999999999983,0.5,shoulder_pan_joint;shoulder_lift_joint;elbow_joint;wrist_1_joint;wrist_2_joint;wrist_3_joint,-0.7179950479;-1.4699998397;1.4336563607;-4.6760454513;-4.7123888165;-5.4303840248
0.35999999999999993,-0.11999999999999983,0.5,shoulder_pan_joint;shoulder_lift_joint;elbow_joint;wrist_1_joint;wrist_2_joint;wrist_3_joint,-0.6806840930;4.8615308224;1.3787601858;-4.6694953852;1.5707974904;0.8901121631
0.3799999999999999,-0.11999999999999983,0.5,shoulder_pan_joint;shoulder_lift_joint;elbow_joint;wrist_1_joint;wrist_2_joint;wrist_3_joint,-3.1063897322;4.9872589339;-1.7740745805;4.6407972807;1.5707963266;4.7475919020
0.3999999999999999,-0.11999999999999983,0.5,shoulder_pan_joint;shoulder_lift_joint;elbow_joint;wrist_1_joint;wrist_2_joint;wrist_3_joint,-0.6163360619;-1.7973431515;1.7387697959;-1.5122244884;-1.5707970225;-0.6163367028
0.41999999999999993,-0.11999999999999983,0.5,shoulder_pan_joint;shoulder_lift_joint;elbow_joint;wrist_1_joint;wrist_2_joint;wrist_3_joint,-3.1097759303;-1.8685434528;-1.1944362226;-4.7910008579;-1.5707960501;-4.6805724691
0.4399999999999999,-0.11999999999999983,0.5,shoulder_pan_joint;shoulder_lift_joint;elbow_joint;wrist_1_joint;wrist_2_joint;wrist_3_joint,3.1719502507;4.8431839950;-1.6614731641;4.6722708033;1.5707963265;4.7427465777
0.4599999999999999,-0.11999999999999983,0.5,shoulder_pan_joint;shoulder_lift_joint;elbow_joint;wrist_1_joint;wrist_2_joint;wrist_3_joint,-0.5393917781;-1.6540492353;1.6194375851;-1.5361846833;-1.5707963283;-0.5393918034
0.47999999999999987,-0.11999999999999983,0.5,shoulder_pan_joint;shoulder_lift_joint;elbow_joint;wrist_1_joint;wrist_2_joint;wrist_3_joint,-0.5177658070;-1.6066322090;1.5750796817;-1.5392439703;4.7123885278;4.1946231545
0.49999999999999983,-0.11999999999999983,0.5,shoulder_pan_joint;shoulder_lift_joint;elbow_joint;wrist_1_joint;wrist_2_joint;wrist_3_joint,5.7854067289;-1.5592495877;1.5283208474;4.7433177162;4.7123889793;-5.2101675591
0.5199999999999998,-0.11999999999999983,0.5,shoulder_pan_joint;shoulder_lift_joint;elbow_joint;wrist_1_joint;wrist_2_joint;wrist_3_joint,-3.1159369845;4.6533890095;-1.4790534312;-1.6035392511;-4.7123889806;4.7380446497
0.5399999999999998,-0.11999999999999983,0.5,shoulder_pan_joint;shoulder_lift_joint;elbow_joint;wrist_1_joint;wrist_2_joint;wrist_3_joint,-0.4620378169;-1.4641465697;1.4271296484;-1.5337794055;-1.5707963265;-0.4620378173
0.5599999999999998,-0.11999999999999983,0.5,shoulder_pan_joint;shoulder_lift_joint;elbow_joint;wrist_1_joint;wrist_2_joint;wrist_3_joint,-3.1177793726;-1.7254332661;-1.3723634241;4.6685930496;1.5707962454;4.7362022578
0.5799999999999998,-0.11999999999999983,0.5,shoulder_pan_joint;shoulder_lift_joint;elbow_joint;wrist_1_joint;wrist_2_joint;wrist_3_joint,3.1645803766;4.5092476763;-1.3144964350;4.6592303929;-4.7123889806;4.7353767036
0.5999999999999999,-0.11999999999999983,0.5,shoulder_pan_joint;shoulder_lift_joint;elbow_joint;wrist_1_joint;wrist_2_joint;wrist_3_joint,-0.4170086070;-1.3184333084;1.2532140790;-1.5055770955;-1.5707963363;-0.4170086070
0.5999999999999999,-0.0799999999999998,0.5,shoulder_pan_joint;shoulder_lift_joint;elbow_joint;wrist_1_joint;wrist_2_joint;wrist_3_joint,-0.3545892772;-1.3350270887;1.2741592123;-1.5099284506;-1.5707963267;-0.3545892775
0.5799999999999998,-0.0799999999999998,0.5,shoulder_pan_joint;shoulder_lift_joint;elbow_joint;wrist_1_joint;wrist_2_joint;wrist_3_joint,3.2342127932;-1.7570419075;-1.3349389348;-1.6204081395;-4.7123889796;-1.4781761884
0.5599999999999998,-0.0799999999999998,0.5,shoulder_pan_joint;shoulder_lift_joint;elbow_joint;wrist_1_joint;wrist_2_joint;wrist_3_joint,-0.3797775372;-1.4334563391;1.3923893845;-1.5297293751;-1.5707963366;1.1910187877
0.5399999999999998,-0.0799999999999998,0.5,shoulder_pan_joint;shoulder_lift_joint;elbow_joint;wrist_1_joint;wrist_2_joint;wrist_3_joint,3.2411952193;-1.6596440503;-1.4468155363;-1.6059293944;1.5707963299;4.8119915451
0.5199999999999998,-0.0799999999999998,0.5,shoulder_pan_joint;shoulder_lift_joint;elbow_joint;wrist_1_joint;wrist_2_joint;wrist_3_joint,3.2451010543;4.6717931144;-1.4984508787;4.6806393358;-4.7123889681;4.8158973770
0.49999999999999983,-0.0799999999999998,0.5,shoulder_pan_joint;shoulder_lift_joint;elbow_joint;wrist_1_joint;wrist_2_joint;wrist_3_joint,-0.4250464812;-1.5783589813;1.5474714846;-1.5399088605;-1.5707963435;-0.4250464815
0.47999999999999987,-0.0799999999999998,0.5,shoulder_pan_joint;shoulder_lift_joint;elbow_joint;wrist_1_joint;wrist_2_joint;wrist_3_joint,-0.4426254527;-1.6265540742;1.5940126973;-1.5382549504;-1.5707963270;-2.0134217798
0.4599999999999999,-0.0799999999999998,0.5,shoulder_pan_joint;shoulder_lift_joint;elbow_joint;wrist_1_joint;wrist_2_joint;wrist_3_joint,-3.0242582629;-1.4666938644;-1.6381724160;4.6756626442;-4.7123889876;4.8297233693
0.4399999999999999,-0.0799999999999998,0.5,shoulder_pan_joint;shoulder_lift_joint;elbow_joint;wrist_1_joint;wrist_2_joint;wrist_3_joint,-0.4825213680;-1.7234927278;1.6800188858;-1.5273224849;-1.5707963269;-0.4825213682
0.41999999999999993,-0.0799999999999998,0.5,shoulder_pan_joint;shoulder_lift_joint;elbow_joint;wrist_1_joint;wrist_2_joint;wrist_3_joint,-0.5052812169;-1.7724233611;1.7195967966;-1.5179691112;-1.5707961206;-0.5052849770
0.3999999999999999,-0.0799999999999998,0.5,shoulder_pan_joint;shoulder_lift_joint;elbow_joint;wrist_1_joint;wrist_2_joint;wrist_3_joint,5.7528968242;-1.8217725289;1.7569257943;4.7772357279;-1.5707963790;4.1821005183
0.3799999999999999,-0.0799999999999998,0.5,shoulder_pan_joint;shoulder_lift_joint;elbow_joint;wrist_1_joint;wrist_2_joint;wrist_3_joint,-0.5578871068;-1.8716041556;1.7920107490;-1.4912029206;-1.5707963266;-0.5578871083
0.35999999999999993,-0.0799999999999998,0.5,shoulder_pan_joint;shoulder_lift_joint;elbow_joint;wrist_1_joint;wrist_2_joint;wrist_3_joint,-2.9904278566;4.5905725932;-1.4100883419;1.5319047353;4.7123890312;-4.5612241843
0.33999999999999997,-0.0799999999999998,0.5,shoulder_pan_joint;shoulder_lift_joint;elbow_joint;wrist_1_joint;wrist_2_joint;wrist_3_joint,-2.9811209555;5.1145508030;-1.8553828923;4.5948183234;-4.7123885232;-1.4103245693
0.31999999999999995,-0.0799999999999998,0.5,shoulder_pan_joint;shoulder_lift_joint;elbow_joint;wrist_1_joint;wrist_2_joint;wrist_3_joint,-2.9705492914;-1.1170423305;-1.8835773693;4.5714160248;1.5707963093;4.8834323444
0.29999999999999993,-0.0799999999999998,0.5,shoulder_pan_joint;shoulder_lift_joint;elbow_joint;wrist_1_joint;wrist_2_joint;wrist_3_joint,5.5788316654;-1.5987899671;1.5675086578;-4.6811077234;1.5707963247;0.8664426894
0.27999999999999997,-0.0799999999999998,0.5,shoulder_pan_joint;shoulder_lift_joint;elbow_joint;wrist_1_joint;wrist_2_joint;wrist_3_joint,3.3387470218;-1.0117653083;-1.9327459736;-1.7678755035;-4.7123887741;4.9095433570
0.26,-0.0799999999999998,0.5,shoulder_pan_joint;shoulder_lift_joint;elbow_joint;wrist_1_joint;wrist_2_joint;wrist_3_joint,5.4725730459;4.0996057440;1.9535382229;-1.3407549870;-1.5707963267;-2.3814085883
0.24,-0.0799999999999998,0.5,shoulder_pan_joint;shoulder_lift_joint;elbow_joint;wrist_1_joint;wrist_2_joint;wrist_3_joint,5.4064270451;4.0450005966;1.9716937685;4.9788793552;-1.5707951718;-0.8767582494
0.22,-0.0799999999999998,0.5,shoulder_pan_joint;shoulder_lift_joint;elbow_joint;wrist_1_joint;wrist_2_joint;wrist_3_joint,-2.8845521113;-0.8478867297;-1.9870366349;4.4057196882;-4.7123889875;4.9694295243
0.22,-0.03999999999999976,0.5,shoulder_pan_joint;shoulder_lift_joint;elbow_joint;wrist_1_joint;wrist_2_joint;wrist_3_joint,3.6004186146;-0.8163089468;-1.9943519557;4.3814572293;1.5707963263;-1.1119703656
0.24,-0.03999999999999976,0.5,shoulder_pan_joint;shoulder_lift_joint;elbow_joint;wrist_1_joint;wrist_2_joint;wrist_3_joint,-0.7449532289;-2.2664109153;1.9798833345;4.9989173196;4.7123907587;-2.3157504802
0.26,-0.03999999999999976,0.5,shoulder_pan_joint;shoulder_lift_joint;elbow_joint;wrist_1_joint;wrist_2_joint;wrist_3_joint,-0.6840374603;-2.2091280817;1.9624042273;-1.3240724732;-1.5707963267;-0.6840374605
0.27999999999999997,-0.03999999999999976,0.5,shoulder_pan_joint;shoulder_lift_joint;elbow_joint;wrist_1_joint;wrist_2_joint;wrist_3_joint,3.4904446524;-0.9884635909;-1.9421130538;-1.7818123355;-4.7123889806;-1.2219443278
0.29999999999999993,-0.03999999999999976,0.5,shoulder_pan_joint;shoulder_lift_joint;elbow_joint;wrist_1_joint;wrist_2_joint;wrist_3_joint,3.4651191720;-1.5223569540;-1.5871102852;-4.7445193553;-1.5707958928;-4.3888622303
0.31999999999999995,-0.03999999999999976,0.5,shoulder_pan_joint;shoulder_lift_joint;elbow_joint;wrist_1_joint;wrist_2_joint;wrist_3_joint,-0.5504811289;4.7155372621;1.5367857312;-4.6815262447;-4.7123872877;1.0203157276
0.33999999999999997,-0.03999999999999976,0.5,shoulder_pan_joint;shoulder_lift_joint;elbow_joint;wrist_1_joint;wrist_2_joint;wrist_3_joint,5.7661268609;4.2919072365;1.8657037359;4.8379643674;4.7123909645;-2.0878586670
0.35999999999999993,-0.03999999999999976,0.5,shoulder_pan_joint;shoulder_lift_joint;elbow_joint;wrist_1_joint;wrist_2_joint;wrist_3_joint,-0.4875284329;4.8174323120;1.4289201090;1.6076292132;-4.7123889793;-5.1999174124
0.3799999999999999,-0.03999999999999976,0.5,shoulder_pan_joint;shoulder_lift_joint;elbow_joint;wrist_1_joint;wrist_2_joint;wrist_3_joint,3.3930723000;4.5565273643;-1.3709332980;1.5267949144;-1.5707963266;1.8222759730
0.3999999999999999,-0.03999999999999976,0.5,shoulder_pan_joint;shoulder_lift_joint;elbow_joint;wrist_1_joint;wrist_2_joint;wrist_3_joint,-2.9032661369;4.5054512311;-1.3098608217;-4.7663868482;4.7123900775;-4.4740623110
0.41999999999999993,-0.03999999999999976,0.5,shoulder_pan_joint;shoulder_lift_joint;elbow_joint;wrist_1_joint;wrist_2_joint;wrist_3_joint,-2.9150852119;-1.3550170655;-1.7305651355;-1.6268067778;1.5707963264;4.9388964222
0.4399999999999999,-0.03999999999999976,0.5,shoulder_pan_joint;shoulder_lift_joint;elbow_joint;wrist_1_joint;wrist_2_joint;wrist_3_joint,-2.9257664210;-1.4047082034;-1.6911050742;-1.6165757025;1.5707963266;4.9282152132
0.4599999999999999,-0.03999999999999976,0.5,shoulder_pan_joint;shoulder_lift_joint;elbow_joint;wrist_1_joint;wrist_2_joint;wrist_3_joint,3.3477163196;4.3475803535;-1.1036432286;1.4684518370;4.7123888285;-4.5062674187
0.47999999999999987,-0.03999999999999976,0.5,shoulder_pan_joint;shoulder_lift_joint;elbow_joint;wrist_1_joint;wrist_2_joint;wrist_3_joint,-0.3635506109;-1.6386856405;1.6053316049;-1.5374422918;-1.5707963266;-0.3635506111
0.49999999999999983,-0.03999999999999976,0.5,shoulder_pan_joint;shoulder_lift_joint;elbow_joint;wrist_1_joint;wrist_2_joint;wrist_3_joint,-0.3488127869;-1.5899740165;1.5589181940;-1.5397405046;-1.5707963266;-0.3488127871
0.5199999999999998,-0.03999999999999976,0.5,shoulder_pan_joint;shoulder_lift_joint;elbow_joint;wrist_1_joint;wrist_2_joint;wrist_3_joint,-0.3352309171;-1.5413667726;1.5100408855;-1.5394706815;-1.5707964153;-0.3352309187
0.5399999999999998,-0.03999999999999976,0.5,shoulder_pan_joint;shoulder_lift_joint;elbow_joint;wrist_1_joint;wrist_2_joint;wrist_3_joint,-0.3226733382;-1.4927310235;1.4585725184;-1.5366378082;-1.5707962646;-1.8934696913
0.5799999999999998,-0.03999999999999976,0.5,shoulder_pan_joint;shoulder_lift_joint;elbow_joint;wrist_1_joint;wrist_2_joint;wrist_3_joint,-0.3001974541;-1.3947489829;1.3471304066;-1.5231777507;-1.5707963266;-0.3001974543
0.5999999999999999,-0.03999999999999976,0.5,shoulder_pan_joint;shoulder_lift_joint;elbow_joint;wrist_1_joint;wrist_2_joint;wrist_3_joint,-0.2900989337;-1.3450268091;1.2866434119;-1.5124129394;-1.5707963061;-0.2900989337
0.5999999999999999,2.7755575615628914e-16,0.5,shoulder_pan_joint;shoulder_lift_joint;elbow_joint;wrist_1_joint;wrist_2_joint;wrist_3_joint,-0.2240357888;-1.3483675944;1.2907888851;-1.5132176298;-1.5707963362;-0.2240357892
0.5799999999999998,2.7755575615628914e-16,0.5,shoulder_pan_joint;shoulder_lift_joint;elbow_joint;wrist_1_joint;wrist_2_joint;wrist_3_joint,6.0512848031;4.8850257575;1.3511827535;-1.5238194941;-1.5707964939;-1.8026968132
0.5599999999999998,2.7755575615628914e-16,0.5,shoulder_pan_joint;shoulder_lift_joint;elbow_joint;wrist_1_joint;wrist_2_joint;wrist_3_joint,-0.2403429387;-1.4474169029;1.4083180332;-1.5316975186;-1.5707962848;-0.2403429060
0.5399999999999998,2.7755575615628914e-16,0.5,shoulder_pan_joint;shoulder_lift_joint;elbow_joint;wrist_1_joint;wrist_2_joint;wrist_3_joint,3.3910228549;-1.6452476191;-1.4624851840;4.6785289710;-4.7123890641;-1.3213661245
0.5199999999999998,2.7755575615628914e-16,0.5,shoulder_pan_joint;shoulder_lift_joint;elbow_joint;wrist_1_joint;wrist_2_joint;wrist_3_joint,3.4008327861;4.6867031667;-1.5138963949;4.6811748842;1.5707963505;4.9716291136
0.49999999999999983,2.7755575615628914e-16,0.5,shoulder_pan_joint;shoulder_lift_joint;elbow_joint;wrist_1_joint;wrist_2_joint;wrist_3_joint,-0.2698636251;-1.5938717331;1.5627266028;-1.5396511968;-1.5707963266;-0.2698636253
0.47999999999999987,2.7755575615628914e-16,0.5,shoulder_pan_joint;shoulder_lift_joint;elbow_joint;wrist_1_joint;wrist_2_joint;wrist_3_joint,3.4230004402;-1.4988319348;-1.6090979791;4.6787262411;-4.7123889824;-1.2893885400
0.4599999999999999,2.7755575615628914e-16,0.5,shoulder_pan_joint;shoulder_lift_joint;elbow_joint;wrist_1_joint;wrist_2_joint;wrist_3_joint,5.9891856472;-1.2107327976;1.1102237094;1.6713054173;1.5707963257;-5.0063886402
0.4399999999999999,2.7755575615628914e-16,0.5,shoulder_pan_joint;shoulder_lift_joint;elbow_joint;wrist_1_joint;wrist_2_joint;wrist_3_joint,3.4493840279;4.8829847919;-1.6947934583;4.6657903005;1.5707963263;-4.4045976057
0.41999999999999993,2.7755575615628914e-16,0.5,shoulder_pan_joint;shoulder_lift_joint;elbow_joint;wrist_1_joint;wrist_2_joint;wrist_3_joint,3.4645590142;-1.3502482167;-1.7342137179;-1.6279270462;-4.7123889750;0.3229663605
0.3999999999999999,2.7755575615628914e-16,0.5,shoulder_pan_joint;shoulder_lift_joint;elbow_joint;wrist_1_joint;wrist_2_joint;wrist_3_joint,-0.3397485234;-1.8418468144;1.7713737102;-1.5003232227;-1.5707963266;-0.3397485236
0.3799999999999999,2.7755575615628914e-16,0.5,shoulder_pan_joint;shoulder_lift_joint;elbow_joint;wrist_1_joint;wrist_2_joint;wrist_3_joint,5.9247790088;4.3902044758;1.8062822199;-1.4840977214;4.7123888805;4.3539826816
0.35999999999999993,2.7755575615628914e-16,0.5,shoulder_pan_joint;shoulder_lift_joint;elbow_joint;wrist_1_joint;wrist_2_joint;wrist_3_joint,-0.3793080358;4.8117728151;1.4352057887;-4.6761822770;1.5707963265;-5.0916970159
0.33999999999999997,2.7755575615628914e-16,0.5,shoulder_pan_joint;shoulder_lift_joint;elbow_joint;wrist_1_joint;wrist_2_joint;wrist_3_joint,5.8803161915;4.7605986624;1.4904697023;-4.6802689997;-4.7123869421;-5.1152551764
0.31999999999999995,2.7755575615628914e-16,0.5,shoulder_pan_joint;shoulder_lift_joint;elbow_joint;wrist_1_joint;wrist_2_joint;wrist_3_joint,-2.7119318059;-1.5675046346;-1.5432256415;-4.7432513588;4.7123889808;-4.2827281308
0.29999999999999993,2.7755575615628914e-16,0.5,shoulder_pan_joint;shoulder_lift_joint;elbow_joint;wrist_1_joint;wrist_2_joint;wrist_3_joint,5.8227561082;-1.6261996763;1.5936794295;1.6033155518;-4.7123890066;1.1103671926
0.27999999999999997,2.7755575615628914e-16,0.5,shoulder_pan_joint;shoulder_lift_joint;elbow_joint;wrist_1_joint;wrist_2_joint;wrist_3_joint,-0.4961819847;-2.1610991246;1.9451935266;-1.3548907290;-1.5707963266;-0.4961819849
0.26,2.7755575615628914e-16,0.5,shoulder_pan_joint;shoulder_lift_joint;elbow_joint;wrist_1_joint;wrist_2_joint;wrist_3_joint,-0.5383176575;-2.2179037175;1.9652976927;4.9649950004;-1.5707962894;4.1740713244
0.24,2.7755575615628914e-16,0.5,shoulder_pan_joint;shoulder_lift_joint;elbow_joint;wrist_1_joint;wrist_2_joint;wrist_3_joint,-0.5888640939;4.4934884153;1.7329557245;-4.6556482557;1.5707956630;0.9819324335
0.22,2.7755575615628914e-16,0.5,shoulder_pan_joint;shoulder_lift_joint;elbow_joint;wrist_1_joint;wrist_2_joint;wrist_3_joint,3.7925007676;5.4778811689;-1.9966569509;4.3727574163;-4.7123889809;5.3632970946
0.22,0.04000000000000031,0.5,shoulder_pan_joint;shoulder_lift_joint;elbow_joint;wrist_1_joint;wrist_2_joint;wrist_3_joint,3.9601256248;5.4668763652;-1.9943519557;4.3814572215;-4.7123889787;5.5309219512
0.24,0.04000000000000031,0.5,shoulder_pan_joint;shoulder_lift_joint;elbow_joint;wrist_1_joint;wrist_2_joint;wrist_3_joint,3.8865449077;-1.3613386895;-1.7256912717;-4.7669516730;-1.5707963267;2.3157485807
0.26,0.04000000000000031,0.5,shoulder_pan_joint;shoulder_lift_joint;elbow_joint;wrist_1_joint;wrist_2_joint;wrist_3_joint,-0.3787381658;-2.2091285841;1.9624045552;4.9591129525;-1.5707963119;4.3336508145
0.27999999999999997,0.04000000000000031,0.5,shoulder_pan_joint;shoulder_lift_joint;elbow_joint;wrist_1_joint;wrist_2_joint;wrist_3_joint,3.7742384220;5.2947217861;-1.9421131954;4.5013732716;-4.7123891613;-0.9381505941
0.29999999999999993,0.04000000000000031,0.5,shoulder_pan_joint;shoulder_lift_joint;elbow_joint;wrist_1_joint;wrist_2_joint;wrist_3_joint,5.9596528486;-2.0982296886;1.9191590569;4.8914596774;4.7123894679;4.3888565214
0.31999999999999995,0.04000000000000031,0.5,shoulder_pan_joint;shoulder_lift_joint;elbow_joint;wrist_1_joint;wrist_2_joint;wrist_3_joint,-0.3017703497;-2.0443089308;1.8936583700;-1.4201457675;-1.5707963265;-0.3017703495
0.33999999999999997,0.04000000000000031,0.5,shoulder_pan_joint;shoulder_lift_joint;elbow_joint;wrist_1_joint;wrist_2_joint;wrist_3_joint,-2.6245326386;-1.1503153320;-1.8657038058;-1.6963698423;1.5707963263;-1.0537363117
0.35999999999999993,0.04000000000000031,0.5,shoulder_pan_joint;shoulder_lift_joint;elbow_joint;wrist_1_joint;wrist_2_joint;wrist_3_joint,-0.2662373999;4.3441042474;1.8353851998;-1.4670995016;4.7123874424;-1.8370337046
0.3799999999999999,0.04000000000000031,0.5,shoulder_pan_joint;shoulder_lift_joint;elbow_joint;wrist_1_joint;wrist_2_joint;wrist_3_joint,3.6028262208;5.0291775851;-1.8027107894;-1.6556704680;1.5707963444;5.1736225479
0.3999999999999999,0.04000000000000031,0.5,shoulder_pan_joint;shoulder_lift_joint;elbow_joint;wrist_1_joint;wrist_2_joint;wrist_3_joint,-2.7039290595;4.9783746044;-1.7677684932;4.6433755233;-4.7123889807;-1.1331327326
0.41999999999999993,0.04000000000000031,0.5,shoulder_pan_joint;shoulder_lift_joint;elbow_joint;wrist_1_joint;wrist_2_joint;wrist_3_joint,6.0566779942;4.4966084918;1.7305663429;-1.5147862478;-1.5707973951;4.4858810025
0.4399999999999999,0.04000000000000031,0.5,shoulder_pan_joint;shoulder_lift_joint;elbow_joint;wrist_1_joint;wrist_2_joint;wrist_3_joint,-0.2158262203;-1.7368844425;1.6911051150;-1.5250169994;-1.5707963266;-0.2158262205
0.4599999999999999,0.04000000000000031,0.5,shoulder_pan_joint;shoulder_lift_joint;elbow_joint;wrist_1_joint;wrist_2_joint;wrist_3_joint,-0.2061244392;-1.6876215144;1.6493745472;-1.5325533029;-1.5707976603;-0.2061256769
0.47999999999999987,0.04000000000000031,0.5,shoulder_pan_joint;shoulder_lift_joint;elbow_joint;wrist_1_joint;wrist_2_joint;wrist_3_joint,-0.1972663185;-1.6386958654;1.6053410933;-1.5374385409;-1.5707995589;-0.1972657410
0.49999999999999983,0.04000000000000031,0.5,shoulder_pan_joint;shoulder_lift_joint;elbow_joint;wrist_1_joint;wrist_2_joint;wrist_3_joint,3.4904054387;-1.5516180808;-1.5589187217;4.6813331412;1.5707963236;5.0612017653
0.5199999999999998,0.04000000000000031,0.5,shoulder_pan_joint;shoulder_lift_joint;elbow_joint;wrist_1_joint;wrist_2_joint;wrist_3_joint,-2.8063617083;4.6829593861;-1.5100407665;4.6810629976;-4.7123889784;-1.2355653833
0.5399999999999998,0.04000000000000031,0.5,shoulder_pan_joint;shoulder_lift_joint;elbow_joint;wrist_1_joint;wrist_2_joint;wrist_3_joint,3.4642664144;4.6343274709;-1.4585759909;-1.6049558437;-4.7123916901;-1.2481219762
0.5599999999999998,0.04000000000000031,0.5,shoulder_pan_joint;shoulder_lift_joint;elbow_joint;wrist_1_joint;wrist_2_joint;wrist_3_joint,-0.1684126950;-1.4439162107;1.4043435028;-1.5312235254;-1.5707963079;-0.1684127034
0.5799999999999998,0.04000000000000031,0.5,shoulder_pan_joint;shoulder_lift_joint;elbow_joint;wrist_1_joint;wrist_2_joint;wrist_3_joint,-2.8413951990;-1.7468436687;-1.3471304148;4.6647704105;1.5707963266;-2.8413951988
0.5999999999999999,0.04000000000000031,0.5,shoulder_pan_joint;shoulder_lift_joint;elbow_joint;wrist_1_joint;wrist_2_joint;wrist_3_joint,-0.1569632893;-1.3450257800;1.2866405667;-1.5124112801;-1.5707963963;-0.1569632964
0.5999999999999999,0.08000000000000035,0.5,shoulder_pan_joint;shoulder_lift_joint;elbow_joint;wrist_1_joint;wrist_2_joint;wrist_3_joint,3.4961819308;4.4766196236;-1.2741590470;-1.6316642496;1.5707963266;-5.9285960298
0.5799999999999998,0.08000000000000035,0.5,shoulder_pan_joint;shoulder_lift_joint;elbow_joint;wrist_1_joint;wrist_2_joint;wrist_3_joint,-0.0926177212;-1.3845723499;1.3349698173;-1.5211934449;4.7123889387;-1.6634140446
0.5599999999999998,0.08000000000000035,0.5,shoulder_pan_joint;shoulder_lift_joint;elbow_joint;wrist_1_joint;wrist_2_joint;wrist_3_joint,-0.0959834313;-1.4334563309;1.3923893807;-1.5297293871;-1.5707963249;-1.6667797552
0.5399999999999998,0.08000000000000035,0.5,shoulder_pan_joint;shoulder_lift_joint;elbow_joint;wrist_1_joint;wrist_2_joint;wrist_3_joint,-0.0996026280;-1.4819485643;1.4468155814;-1.5356630227;-1.5707959501;-0.0996026289
0.5199999999999998,0.08000000000000035,0.5,shoulder_pan_joint;shoulder_lift_joint;elbow_joint;wrist_1_joint;wrist_2_joint;wrist_3_joint,-0.1035080667;-1.5302007976;1.4984511155;-1.5390465937;-1.5707964350;-0.1035080568
0.49999999999999983,0.08000000000000035,0.5,shoulder_pan_joint;shoulder_lift_joint;elbow_joint;wrist_1_joint;wrist_2_joint;wrist_3_joint,-0.1077359603;-1.5783589751;1.5474714695;-1.5399088215;-1.5707963266;-0.1077359605
0.47999999999999987,0.08000000000000035,0.5,shoulder_pan_joint;shoulder_lift_joint;elbow_joint;wrist_1_joint;wrist_2_joint;wrist_3_joint,-0.1123293962;-1.6265552005;1.5940139949;-1.5382589368;-1.5707965648;-0.1123297340
0.4599999999999999,0.08000000000000035,0.5,shoulder_pan_joint;shoulder_lift_joint;elbow_joint;wrist_1_joint;wrist_2_joint;wrist_3_joint,-2.6798766262;4.8164912933;-1.6381722631;4.6756625858;1.5707963341;-1.1090802994
0.4399999999999999,0.08000000000000035,0.5,shoulder_pan_joint;shoulder_lift_joint;elbow_joint;wrist_1_joint;wrist_2_joint;wrist_3_joint,-0.1228143661;-1.7234927290;1.6800188859;-1.5273224836;-1.5707963260;-0.1228143664
0.41999999999999993,0.08000000000000035,0.5,shoulder_pan_joint;shoulder_lift_joint;elbow_joint;wrist_1_joint;wrist_2_joint;wrist_3_joint,-0.1288396268;-1.7724247117;1.7195961555;-1.5179677720;-1.5707963257;-0.1288396268
0.3999999999999999,0.08000000000000035,0.5,shoulder_pan_joint;shoulder_lift_joint;elbow_joint;wrist_1_joint;wrist_2_joint;wrist_3_joint,-0.1354974625;-1.3485625438;1.2910311335;1.6283365017;-4.7123883567;-3.2770897723
0.3799999999999999,0.08000000000000035,0.5,shoulder_pan_joint;shoulder_lift_joint;elbow_joint;wrist_1_joint;wrist_2_joint;wrist_3_joint,-0.1428948298;-1.8716043710;1.7920107437;-1.4912024725;-1.5707956335;-0.1428949568
0.35999999999999993,0.08000000000000035,0.5,shoulder_pan_joint;shoulder_lift_joint;elbow_joint;wrist_1_joint;wrist_2_joint;wrist_3_joint,3.7300978440;5.0635701521;-1.8248472747;-1.6679260853;1.5707956728;-5.6946832600
0.33999999999999997,0.08000000000000035,0.5,shoulder_pan_joint;shoulder_lift_joint;elbow_joint;wrist_1_joint;wrist_2_joint;wrist_3_joint,-0.1604758018;4.3102392109;1.8553735882;-1.4532238201;-1.5707963244;-1.7312721285
0.31999999999999995,0.08000000000000035,0.5,shoulder_pan_joint;shoulder_lift_joint;elbow_joint;wrist_1_joint;wrist_2_joint;wrist_3_joint,-2.4805916245;-1.5929239907;-1.5175465114;1.5396731383;-1.5707960942;2.2317978850
0.29999999999999993,0.08000000000000035,0.5,shoulder_pan_joint;shoulder_lift_joint;elbow_joint;wrist_1_joint;wrist_2_joint;wrist_3_joint,-2.4372320297;-1.0647549333;-1.9093932575;4.5449427017;-4.7123878478;-0.8664357683
0.27999999999999997,0.08000000000000035,0.5,shoulder_pan_joint;shoulder_lift_joint;elbow_joint;wrist_1_joint;wrist_2_joint;wrist_3_joint,-0.1971688481;4.1533610712;1.9327377574;-1.3737105348;-1.5707961809;-1.7679627088
0.26,0.08000000000000035,0.5,shoulder_pan_joint;shoulder_lift_joint;elbow_joint;wrist_1_joint;wrist_2_joint;wrist_3_joint,3.9522048904;4.8422961557;-1.6607104850;-4.7523820165;4.7123889797;5.5230012161
0.24,0.08000000000000035,0.5,shoulder_pan_joint;shoulder_lift_joint;elbow_joint;wrist_1_joint;wrist_2_joint;wrist_3_joint,-2.2648759674;-0.9034261226;-1.9716812567;4.4459037065;1.5707963256;5.5891056667
0.22,0.08000000000000035,0.5,shoulder_pan_joint;shoulder_lift_joint;elbow_joint;wrist_1_joint;wrist_2_joint;wrist_3_joint,-0.2570407828;-2.2937059524;1.9870366963;-1.2641270015;-1.5707961617;4.4553481971
0.22,0.12000000000000038,0.5,shoulder_pan_joint;shoulder_lift_joint;elbow_joint;wrist_1_joint;wrist_2_joint;wrist_3_joint,-0.0615190760;-2.2450903065;1.9737691432;-1.2994814461;4.7123848888;4.6508681095
0.26,0.12000000000000038,0.5,shoulder_pan_joint;shoulder_lift_joint;elbow_joint;wrist_1_joint;wrist_2_joint;wrist_3_joint,-0.0517958716;-2.1433113588;1.9382306994;-1.3657156766;-1.5707963259;4.6605931086
0.27999999999999997,0.12000000000000038,0.5,shoulder_pan_joint;shoulder_lift_joint;elbow_joint;wrist_1_joint;wrist_2_joint;wrist_3_joint,-0.0480134257;-2.0928136875;1.9167308780;-1.3947140181;-1.5707967348;-1.6188097530
0.29999999999999993,0.12000000000000038,0.5,shoulder_pan_joint;shoulder_lift_joint;elbow_joint;wrist_1_joint;wrist_2_joint;wrist_3_joint,-2.3358316305;-1.5755451215;-1.5351779786;1.5399275250;-1.5707976893;-2.3358300495
0.31999999999999995,0.12000000000000038,0.5,shoulder_pan_joint;shoulder_lift_joint;elbow_joint;wrist_1_joint;wrist_2_joint;wrist_3_joint,-2.3821473596;5.1344191032;-1.8665610318;-1.6970617444;1.5707963266;-0.8113510326
0.35999999999999993,0.12000000000000038,0.5,shoulder_pan_joint;shoulder_lift_joint;elbow_joint;wrist_1_joint;wrist_2_joint;wrist_3_joint,3.8222807041;4.5632677127;-1.3787845034;1.5279057742;-1.5707933080;5.3930770296
0.3799999999999999,0.12000000000000038,0.5,shoulder_pan_joint;shoulder_lift_joint;elbow_joint;wrist_1_joint;wrist_2_joint;wrist_3_joint,-0.0352029208;-1.8456662804;1.7740745789;-1.4992046254;-1.5707963266;-0.0352029208
0.3999999999999999,0.12000000000000038,0.5,shoulder_pan_joint;shoulder_lift_joint;elbow_joint;wrist_1_joint;wrist_2_joint;wrist_3_joint,-0.0334271173;-1.7973437501;1.7387763381;-1.5122278352;-1.5707968889;-0.0334262831
0.41999999999999993,0.12000000000000038,0.5,shoulder_pan_joint;shoulder_lift_joint;elbow_joint;wrist_1_joint;wrist_2_joint;wrist_3_joint,-0.0318166849;-1.7493349062;1.7012396076;4.7604843545;-1.5707961455;-0.0318167619
0.4399999999999999,0.12000000000000038,0.5,shoulder_pan_joint;shoulder_lift_joint;elbow_joint;wrist_1_joint;wrist_2_joint;wrist_3_joint,-0.0303575963;4.5815939958;1.6614731371;4.7525071544;-1.5707963268;-1.6011539233
0.4599999999999999,0.12000000000000038,0.5,shoulder_pan_joint;shoulder_lift_joint;elbow_joint;wrist_1_joint;wrist_2_joint;wrist_3_joint,-0.0290270121;-1.1681426031;1.0503547367;-4.5946011138;1.5707963266;1.5417693149
0.47999999999999987,0.12000000000000038,0.5,shoulder_pan_joint;shoulder_lift_joint;elbow_joint;wrist_1_joint;wrist_2_joint;wrist_3_joint,-0.0278083384;-1.1126108635;0.9695027687;1.7139044888;1.5707963085;1.5429879812
0.49999999999999983,0.12000000000000038,0.5,shoulder_pan_joint;shoulder_lift_joint;elbow_joint;wrist_1_joint;wrist_2_joint;wrist_3_joint,-0.0266891074;-1.5592499354;1.5283212877;-1.5398687495;-1.5707962702;-0.0266890085
0.5199999999999998,0.12000000000000038,0.5,shoulder_pan_joint;shoulder_lift_joint;elbow_joint;wrist_1_joint;wrist_2_joint;wrist_3_joint,3.6208459248;-1.6297816281;-1.4790694900;4.6796475598;1.5707962238;-1.0915430600
0.5399999999999998,0.12000000000000038,0.5,shoulder_pan_joint;shoulder_lift_joint;elbow_joint;wrist_1_joint;wrist_2_joint;wrist_3_joint,-0.0246997593;-1.4641473489;1.4271306368;-1.5337795931;-1.5707965703;-0.0246997528
0.5599999999999998,0.12000000000000038,0.5,shoulder_pan_joint;shoulder_lift_joint;elbow_joint;wrist_1_joint;wrist_2_joint;wrist_3_joint,-0.0238128561;-1.4161691299;1.3723755946;-1.5270027250;-1.5707963545;-0.0238128509
0.5799999999999998,0.12000000000000038,0.5,shoulder_pan_joint;shoulder_lift_joint;elbow_joint;wrist_1_joint;wrist_2_joint;wrist_3_joint,-2.7105689801;-1.7739375886;-1.3144966442;-1.6239547452;-4.7123889824;5.1434126519
0.5999999999999999,0.12000000000000038,0.5,shoulder_pan_joint;shoulder_lift_joint;elbow_joint;wrist_1_joint;wrist_2_joint;wrist_3_joint,3.5586014542;4.4600251387;-1.2532106644;-1.6360181689;1.5707959888;5.1293978103
0.5799999999999998,0.16000000000000042,0.5,shoulder_pan_joint;shoulder_lift_joint;elbow_joint;wrist_1_joint;wrist_2_joint;wrist_3_joint,3.6341659701;4.4857839204;-1.2856028893;-1.6293846833;1.5707963425;0.4925733167
0.5599999999999998,0.16000000000000042,0.5,shoulder_pan_joint;shoulder_lift_joint;elbow_joint;wrist_1_joint;wrist_2_joint;wrist_3_joint,0.0473759695;-1.3921958266;1.3440889081;-1.5226894430;-1.5707966705;0.0473759547
0.5399999999999998,0.16000000000000042,0.5,shoulder_pan_joint;shoulder_lift_joint;elbow_joint;wrist_1_joint;wrist_2_joint;wrist_3_joint,3.6685965531;4.5811429295;-1.3993681863;4.6722068690;-4.7123889656;5.2393928800
0.5199999999999998,0.16000000000000042,0.5,shoulder_pan_joint;shoulder_lift_joint;elbow_joint;wrist_1_joint;wrist_2_joint;wrist_3_joint,0.0509685118;-1.4864318246;1.4517192994;-1.5360840361;-1.5707962985;0.0509685668
0.49999999999999983,0.16000000000000042,0.5,shoulder_pan_joint;shoulder_lift_joint;elbow_joint;wrist_1_joint;wrist_2_joint;wrist_3_joint,-2.5751626117;4.6745754596;-1.5013512980;4.6807574787;-4.7123889937;5.2788190222
0.47999999999999987,0.16000000000000042,0.5,shoulder_pan_joint;shoulder_lift_joint;elbow_joint;wrist_1_joint;wrist_2_joint;wrist_3_joint,0.0551462207;-1.0792722953;0.9194551702;-4.5525718588;1.5707963316;1.6259425377
0.4599999999999999,0.16000000000000042,0.5,shoulder_pan_joint;shoulder_lift_joint;elbow_joint;wrist_1_joint;wrist_2_joint;wrist_3_joint,3.7535660316;4.7671419577;-1.5930680921;4.6799077684;-4.7123890058;-0.9588229484
0.4399999999999999,0.16000000000000042,0.5,shoulder_pan_joint;shoulder_lift_joint;elbow_joint;wrist_1_joint;wrist_2_joint;wrist_3_joint,-2.5041127769;4.8133366026;-1.6353676892;4.6760132896;1.5707953452;-0.9333167204
0.41999999999999993,0.16000000000000042,0.5,shoulder_pan_joint;shoulder_lift_joint;elbow_joint;wrist_1_joint;wrist_2_joint;wrist_3_joint,0.0628611645;-1.7179690310;1.6753928836;-1.5282201810;-1.5707963281;0.0628611642
0.3999999999999999,0.16000000000000042,0.5,shoulder_pan_joint;shoulder_lift_joint;elbow_joint;wrist_1_joint;wrist_2_joint;wrist_3_joint,0.0659287443;-1.7642747154;1.7131818188;-1.5197034303;-1.5707963264;0.0659287439
0.3799999999999999,0.16000000000000042,0.5,shoulder_pan_joint;shoulder_lift_joint;elbow_joint;wrist_1_joint;wrist_2_joint;wrist_3_joint,3.8693296953;4.9522839306;-1.7487681633;4.6504658627;-4.7123890485;-0.8430592828
0.35999999999999993,0.16000000000000042,0.5,shoulder_pan_joint;shoulder_lift_joint;elbow_joint;wrist_1_joint;wrist_2_joint;wrist_3_joint,-2.3781904022;4.9988269597;-1.7821611401;4.6373158146;1.5707963266;5.4757912320
0.33999999999999997,0.16000000000000042,0.5,shoulder_pan_joint;shoulder_lift_joint;elbow_joint;wrist_1_joint;wrist_2_joint;wrist_3_joint,-2.3391201829;5.0454915148;-1.8133665271;-1.6613277468;1.5707973751;-0.7683237237
0.31999999999999995,0.16000000000000042,0.5,shoulder_pan_joint;shoulder_lift_joint;elbow_joint;wrist_1_joint;wrist_2_joint;wrist_3_joint,0.0818547618;-1.9506689903;1.8423556997;-1.4624830363;4.7123889802;4.7942437420
0.29999999999999993,0.16000000000000042,0.5,shoulder_pan_joint;shoulder_lift_joint;elbow_joint;wrist_1_joint;wrist_2_joint;wrist_3_joint,4.0344185061;5.1390869705;-1.8691292165;4.5840238802;-4.7123889806;5.6052148331
0.27999999999999997,0.16000000000000042,0.5,shoulder_pan_joint;shoulder_lift_joint;elbow_joint;wrist_1_joint;wrist_2_joint;wrist_3_joint,4.0868638708;-1.0972838258;-1.8936589804;-1.7214462325;1.5707962904;4.0868639943
0.26,0.16000000000000042,0.5,shoulder_pan_joint;shoulder_lift_joint;elbow_joint;wrist_1_joint;wrist_2_joint;wrist_3_joint,4.1451105398;-1.0505732488;-1.9159240907;-1.7458909987;1.5707939905;5.7159023666
0.24,0.16000000000000042,0.5,shoulder_pan_joint;shoulder_lift_joint;elbow_joint;wrist_1_joint;wrist_2_joint;wrist_3_joint,4.2099960060;5.2790875847;-1.9358848859;4.5107789356;-4.7123889788;-5.2147819544
0.22,0.16000000000000042,0.5,shoulder_pan_joint;shoulder_lift_joint;elbow_joint;wrist_1_joint;wrist_2_joint;wrist_3_joint,0.1166829640;4.5824818028;1.6607104806;-4.6723959564;1.5707963265;-4.5957060162
0.22,0.20000000000000046,0.5,shoulder_pan_joint;shoulder_lift_joint;elbow_joint;wrist_1_joint;wrist_2_joint;wrist_3_joint,-1.9388713139;-1.0286882453;-1.9255924346;4.5250819615;1.5707964632;-1.9388712501
0.24,0.20000000000000046,0.5,shoulder_pan_joint;shoulder_lift_joint;elbow_joint;wrist_1_joint;wrist_2_joint;wrist_3_joint,4.2771527632;5.2131808173;-1.9069265465;-1.7354579439;1.5707963266;4.2771527634
0.26,0.20000000000000046,0.5,shoulder_pan_joint;shoulder_lift_joint;elbow_joint;wrist_1_joint;wrist_2_joint;wrist_3_joint,4.2157700969;-1.1121549585;-1.8861052746;4.5690535174;-4.7123935380;-5.2090030668
0.27999999999999997,0.20000000000000046,0.5,shoulder_pan_joint;shoulder_lift_joint;elbow_joint;wrist_1_joint;wrist_2_joint;wrist_3_joint,0.2224538857;-1.5121054658;1.4793868720;-4.6796616566;-4.7123893315;4.9348428059
0.29999999999999993,0.20000000000000046,0.5,shoulder_pan_joint;shoulder_lift_joint;elbow_joint;wrist_1_joint;wrist_2_joint;wrist_3_joint,4.1082895362;5.0849842948;-1.8379925672;-1.6761954042;1.5707963236;5.6790858633
0.31999999999999995,0.20000000000000046,0.5,shoulder_pan_joint;shoulder_lift_joint;elbow_joint;wrist_1_joint;wrist_2_joint;wrist_3_joint,0.1975628075;-1.8997901598;1.8107032009;4.8014761028;4.7123903207;-1.3732336136
0.33999999999999997,0.20000000000000046,0.5,shoulder_pan_joint;shoulder_lift_joint;elbow_joint;wrist_1_joint;wrist_2_joint;wrist_3_joint,-2.2651531320;-1.2856518525;-1.7812639251;4.6377121382;-4.7123889831;4.0180321751
0.35999999999999993,0.20000000000000046,0.5,shoulder_pan_joint;shoulder_lift_joint;elbow_joint;wrist_1_joint;wrist_2_joint;wrist_3_joint,-2.3048765944;-1.3296773157;-1.7496758551;-1.6330358109;1.5707963270;-0.7340802674
0.3799999999999999,0.20000000000000046,0.5,shoulder_pan_joint;shoulder_lift_joint;elbow_joint;wrist_1_joint;wrist_2_joint;wrist_3_joint,3.9417054391;4.9093512965;-1.7159324152;-1.6226225939;-4.7123891394;-0.7706835064
0.3999999999999999,0.20000000000000046,0.5,shoulder_pan_joint;shoulder_lift_joint;elbow_joint;wrist_1_joint;wrist_2_joint;wrist_3_joint,0.1609797419;-1.7234927251;1.6800188833;-1.5273224853;-1.5707963266;0.1609797417
0.41999999999999993,0.20000000000000046,0.5,shoulder_pan_joint;shoulder_lift_joint;elbow_joint;wrist_1_joint;wrist_2_joint;wrist_3_joint,0.1537940122;-1.6791208133;1.6419141150;-1.5335896125;-1.5707963317;0.1537940132
0.4399999999999999,0.20000000000000046,0.5,shoulder_pan_joint;shoulder_lift_joint;elbow_joint;wrist_1_joint;wrist_2_joint;wrist_3_joint,0.1472041840;-1.6346269522;1.6015686280;-1.5377384216;-1.5707963703;0.1472041551
0.4599999999999999,0.20000000000000046,0.5,shoulder_pan_joint;shoulder_lift_joint;elbow_joint;wrist_1_joint;wrist_2_joint;wrist_3_joint,-2.4624827228;4.7315666484;-1.5589187816;4.6813337813;1.5707962729;5.3914989044
0.47999999999999987,0.20000000000000046,0.5,shoulder_pan_joint;shoulder_lift_joint;elbow_joint;wrist_1_joint;wrist_2_joint;wrist_3_joint,0.1355517176;-1.5451106635;1.5139034555;-1.5395891196;-1.5707963269;0.1355517174
0.49999999999999983,0.20000000000000046,0.5,shoulder_pan_joint;shoulder_lift_joint;elbow_joint;wrist_1_joint;wrist_2_joint;wrist_3_joint,0.1303639220;-1.4999719406;1.4664146315;-1.5372442174;-1.5707964114;0.1303638691
0.5199999999999998,0.20000000000000046,0.5,shoulder_pan_joint;shoulder_lift_joint;elbow_joint;wrist_1_joint;wrist_2_joint;wrist_3_joint,0.1255706471;-1.4544402271;1.4162521131;-1.5326082129;-1.5707963270;0.1255706470
0.5399999999999998,0.20000000000000046,0.5,shoulder_pan_joint;shoulder_lift_joint;elbow_joint;wrist_1_joint;wrist_2_joint;wrist_3_joint,0.1211017244;-1.4084238855;1.3633035033;-1.5256760039;-1.5707963167;0.1211017430
0.5599999999999998,0.20000000000000046,0.5,shoulder_pan_joint;shoulder_lift_joint;elbow_joint;wrist_1_joint;wrist_2_joint;wrist_3_joint,0.1169345009;-1.3617693701;1.3073037642;-1.5163307211;-1.5707963266;0.1169345007
0.5799999999999998,0.20000000000000046,0.5,shoulder_pan_joint;shoulder_lift_joint;elbow_joint;wrist_1_joint;wrist_2_joint;wrist_3_joint,0.1130401818;-1.3142971701;1.2479453864;-1.5044446320;-1.5707967321;0.1130401362
0.5999999999999999,0.20000000000000046,0.5,shoulder_pan_joint;shoulder_lift_joint;elbow_joint;wrist_1_joint;wrist_2_joint;wrist_3_joint,0.1093922568;-1.2657754812;1.1848158160;-1.4898366619;-1.5707963266;0.1093922566
0.47999999999999987,0.2400000000000005,0.5,shoulder_pan_joint;shoulder_lift_joint;elbow_joint;wrist_1_joint;wrist_2_joint;wrist_3_joint,0.2126299178;-1.5045025900;1.4712645333;-1.5375582704;-1.5707963266;0.2126299176
0.4599999999999999,0.2400000000000005,0.5,shoulder_pan_joint;shoulder_lift_joint;elbow_joint;wrist_1_joint;wrist_2_joint;wrist_3_joint,-2.4008746153;4.6895183505;-1.5167864546;-1.6019355581;-4.7123889476;5.4531070276
0.4399999999999999,0.2400000000000005,0.5,shoulder_pan_joint;shoulder_lift_joint;elbow_joint;wrist_1_joint;wrist_2_joint;wrist_3_joint,0.2301440890;-1.5909473973;1.5598767225;-1.5397257108;-1.5707963320;0.2301440816
0.41999999999999993,0.2400000000000005,0.5,shoulder_pan_joint;shoulder_lift_joint;elbow_joint;wrist_1_joint;wrist_2_joint;wrist_3_joint,0.2399699163;-1.6336140157;1.6006190888;-1.5378014001;-1.5707963264;0.2399699161
0.3999999999999999,0.2400000000000005,0.5,shoulder_pan_joint;shoulder_lift_joint;elbow_joint;wrist_1_joint;wrist_2_joint;wrist_3_joint,0.2506205985;-1.6759525457;1.6391068179;-1.5339505988;-1.5707963216;0.2506205979
0.3799999999999999,0.2400000000000005,0.5,shoulder_pan_joint;shoulder_lift_joint;elbow_joint;wrist_1_joint;wrist_2_joint;wrist_3_joint,-6.0209875898;-1.7179694311;1.6753904481;4.7549679627;-1.5707963267;-1.3085986097
0.35999999999999993,0.2400000000000005,0.5,shoulder_pan_joint;shoulder_lift_joint;elbow_joint;wrist_1_joint;wrist_2_joint;wrist_3_joint,4.0427801131;4.9012447078;-1.7095106349;4.6622467831;-4.7123881031;-0.6696151625
0.33999999999999997,0.2400000000000005,0.5,shoulder_pan_joint;shoulder_lift_joint;elbow_joint;wrist_1_joint;wrist_2_joint;wrist_3_joint,-2.2008831568;4.9425558589;-1.7415000889;-1.6302593471;-4.7123896491;-0.6300868972
0.31999999999999995,0.2400000000000005,0.5,shoulder_pan_joint;shoulder_lift_joint;elbow_joint;wrist_1_joint;wrist_2_joint;wrist_3_joint,-5.9794322532;-1.8418518259;1.7713776999;-1.5003223740;4.7123890285;3.4453457103
0.29999999999999993,0.2400000000000005,0.5,shoulder_pan_joint;shoulder_lift_joint;elbow_joint;wrist_1_joint;wrist_2_joint;wrist_3_joint,0.3204066061;-1.8822216104;1.7991495890;-1.4877243070;4.7123889805;-1.2503897209
0.27999999999999997,0.2400000000000005,0.5,shoulder_pan_joint;shoulder_lift_joint;elbow_joint;wrist_1_joint;wrist_2_joint;wrist_3_joint,4.2200534192;-1.2196137992;-1.8248372667;4.6152473894;-4.7123889922;1.0784607659
0.26,0.2400000000000005,0.5,shoulder_pan_joint;shoulder_lift_joint;elbow_joint;wrist_1_joint;wrist_2_joint;wrist_3_joint,-2.0099116035;5.1025729812;-1.8484446963;4.5998533485;1.5707963265;-0.4391152765
0.24,0.2400000000000005,0.5,shoulder_pan_joint;shoulder_lift_joint;elbow_joint;wrist_1_joint;wrist_2_joint;wrist_3_joint,-1.9525867840;5.1406518948;-1.8699855060;-1.6998700946;1.5707963642;4.3305985187
0.22,0.2400000000000005,0.5,shoulder_pan_joint;shoulder_lift_joint;elbow_joint;wrist_1_joint;wrist_2_joint;wrist_3_joint,4.3922683951;3.3990286552;1.8894706352;-3.7177029631;1.5707963263;2.8214720684
0.22,0.2800000000000005,0.5,shoulder_pan_joint;shoulder_lift_joint;elbow_joint;wrist_1_joint;wrist_2_joint;wrist_3_joint,-1.8530766546;-3.0355879965;1.4462178993;0.0185737768;-1.5707962941;-1.8530766582
0.24,0.2800000000000005,0.5,shoulder_pan_joint;shoulder_lift_joint;elbow_joint;wrist_1_joint;wrist_2_joint;wrist_3_joint,-1.9095760192;3.3424129167;1.8248507853;2.6867179802;1.5707963207;5.9444056150
0.26,0.2800000000000005,0.5,shoulder_pan_joint;shoulder_lift_joint;elbow_joint;wrist_1_joint;wrist_2_joint;wrist_3_joint,0.4660617231;-1.8875848635;1.8027107249;-1.4859221463;-1.5707963047;-1.1047346090
0.27999999999999997,0.2800000000000005,0.5,shoulder_pan_joint;shoulder_lift_joint;elbow_joint;wrist_1_joint;wrist_2_joint;wrist_3_joint,0.4420588939;-1.8520724522;1.7785701491;-1.4972940226;-1.5707963287;-1.1287374330
0.29999999999999993,0.2800000000000005,0.5,shoulder_pan_joint;shoulder_lift_joint;elbow_joint;wrist_1_joint;wrist_2_joint;wrist_3_joint,-2.0598292643;4.9571907625;-1.7523963998;-1.6339980357;1.5707963268;-0.4890329373
0.31999999999999995,0.2800000000000005,0.5,shoulder_pan_joint;shoulder_lift_joint;elbow_joint;wrist_1_joint;wrist_2_joint;wrist_3_joint,-2.1038910018;4.9198856763;-1.7241708056;-1.6249182790;-4.7123889356;1.0377017006
0.33999999999999997,0.2800000000000005,0.5,shoulder_pan_joint;shoulder_lift_joint;elbow_joint;wrist_1_joint;wrist_2_joint;wrist_3_joint,-5.9017247485;5.0198159252;1.1816231812;-4.6306427808;-4.7123889773;-4.3309284215
0.35999999999999993,0.2800000000000005,0.5,shoulder_pan_joint;shoulder_lift_joint;elbow_joint;wrist_1_joint;wrist_2_joint;wrist_3_joint,0.3644335240;-1.7015913119;1.6614731379;-1.5306781530;4.7123889808;5.0768225042
0.3799999999999999,0.2800000000000005,0.5,shoulder_pan_joint;shoulder_lift_joint;elbow_joint;wrist_1_joint;wrist_2_joint;wrist_3_joint,0.3487268688;-1.6623373898;1.6269432406;-1.5354022668;-1.5707963503;-1.2220694721
0.3999999999999999,0.2800000000000005,0.5,shoulder_pan_joint;shoulder_lift_joint;elbow_joint;wrist_1_joint;wrist_2_joint;wrist_3_joint,-2.2543471792;4.7641331802;-1.5902329336;-1.6031039196;-4.7123889805;5.5996344550
0.41999999999999993,0.2800000000000005,0.5,shoulder_pan_joint;shoulder_lift_joint;elbow_joint;wrist_1_joint;wrist_2_joint;wrist_3_joint,-5.9624295394;-1.5822179754;1.5512908017;-1.5398694198;-1.5707963535;5.0331447244
0.4399999999999999,0.2800000000000005,0.5,shoulder_pan_joint;shoulder_lift_joint;elbow_joint;wrist_1_joint;wrist_2_joint;wrist_3_joint,0.3082706780;-1.5413668628;1.5100460193;-1.5394754795;-1.5707963257;0.3082706777
0.4599999999999999,0.2800000000000005,0.5,shoulder_pan_joint;shoulder_lift_joint;elbow_joint;wrist_1_joint;wrist_2_joint;wrist_3_joint,0.2966568083;4.7832216956;1.4663884004;4.7459641913;4.7123889806;-1.2741395187
0.47999999999999987,0.2800000000000005,0.5,shoulder_pan_joint;shoulder_lift_joint;elbow_joint;wrist_1_joint;wrist_2_joint;wrist_3_joint,3.9119078938;4.5995557646;-1.4202119034;4.6746377728;1.5707963283;5.4827042205
